Player,Event,Team,Opp,H/A,Line,Res,Over,W/L/P_O,Under,W/L/P_U,Week
Andrew Luck,Completions,IND,TEN,Away,25.5,24,-115,Loss,-115,Win,18NFL17
Ben Roethlisberger,Completions,PIT,CIN,Home,26.5,31,-115,Win,-115,Loss,18NFL17
Blake Bortles,Completions,JAC,HOU,Away,19.5,15,-115,Loss,-115,Win,18NFL17
Deshaun Watson,Completions,HOU,JAC,Home,20.5,25,-115,Win,-115,Loss,18NFL17
Jeff Driskel,Completions,CIN,PIT,Away,20.5,12,-115,Loss,-115,Win,18NFL17
Josh Johnson,Completions,WAS,PHI,Home,18.5,12,-115,Loss,-115,Win,18NFL17
Kirk Cousins,Completions,MIN,CHI,Home,23.5,20,-115,Loss,-115,Win,18NFL17
Lamar Jackson,Completions,BAL,CLE,Home,17,14,120,Loss,-150,Win,18NFL17
Mitchell Trubisky,Completions,CHI,MIN,Away,20.5,26,-115,Win,-115,Loss,18NFL17
Nick Foles,Completions,PHI,WAS,Away,22.5,28,-115,Win,-115,Loss,18NFL17
Patrick Mahomes II,Completions,KC,OAK,Home,23.5,14,-105,Loss,-125,Win,18NFL17
Russell Wilson,Completions,SEA,SEA,Away,18.5,12,-115,Loss,-115,Win,18NFL17
Andrew Luck,Completions,IND,NYG,Home,24,31,-115,Win,-115,Loss,18NFL16
Baker Mayfield,Completions,CLE,CIN,Home,21.5,27,-125,Win,-105,Loss,18NFL16
Ben Roethlisberger,Completions,PIT,NO,Away,26.5,33,-115,Win,-115,Loss,18NFL16
Case Keenum,Completions,DEN,OAK,Away,20.5,23,-115,Win,-115,Loss,18NFL16
Cody Kessler,Completions,JAC,MIA,Away,17.5,12,-115,Loss,-115,Win,18NFL16
Dak Prescott,Completions,DAL,TB,Home,22,20,-115,Loss,-115,Win,18NFL16
Derek Carr,Completions,OAK,DEN,Home,23.5,19,100,Loss,-130,Win,18NFL16
Deshaun Watson,Completions,HOU,PHI,Away,20.5,29,-115,Win,-115,Loss,18NFL16
Drew Brees,Completions,NO,PIT,Home,25.5,27,-110,Win,-120,Loss,18NFL16
Eli Manning,Completions,NYG,IND,Away,22.5,25,-115,Win,-115,Loss,18NFL16
Jameis Winston,Completions,TB,DAL,Away,22.5,34,-115,Win,-115,Loss,18NFL16
Jared Goff,Completions,LAR,ARI,Away,24.5,19,100,Loss,-130,Win,18NFL16
Josh Allen,Completions,BUF,NE,Away,17.5,20,-115,Win,-115,Loss,18NFL16
Josh Johnson,Completions,WAS,TEN,Away,17,13,-130,Loss,100,Win,18NFL16
Josh Rosen,Completions,ARI,LAR,Home,18,12,-115,Loss,-115,Win,18NFL16
Kirk Cousins,Completions,MIN,DET,Away,23.5,21,-105,Loss,-125,Win,18NFL16
Lamar Jackson,Completions,BAL,LAC,Away,15,12,-115,Loss,-115,Win,18NFL16
Marcus Mariota,Completions,TEN,WAS,Home,18,10,-115,Loss,-115,Win,18NFL16
Matt Ryan,Completions,ATL,CAR,Away,24.5,15,-110,Loss,-120,Win,18NFL16
Mitchell Trubisky,Completions,CHI,SF,Away,20.5,25,-115,Win,-115,Loss,18NFL16
Nick Foles,Completions,PHI,HOU,Home,23,35,-115,Win,-115,Loss,18NFL16
Nick Mullins,Completions,SF,CHI,Home,20.5,22,-115,Win,-115,Loss,18NFL16
Patrick Mahomes II,Completions,KC,SEA,Away,25.5,23,-115,Loss,-115,Win,18NFL16
Philip Rivers,Completions,LAC,BAL,Home,24.5,23,100,Loss,-130,Win,18NFL16
Russell Wilson,Completions,SEA,KC,Home,19.5,18,-115,Loss,-115,Win,18NFL16
Ryan Tannehill,Completions,MIA,JAC,Home,18.5,15,-115,Loss,-115,Win,18NFL16
Sam Darnold,Completions,NYJ,GB,Home,20,24,-115,Win,-115,Loss,18NFL16
Tom Brady,Completions,NE,BUF,Home,23.5,13,-130,Loss,100,Win,18NFL16
Aaron Rodgers,Completions,GB,CHI,Away,24.5,25,-120,Win,-110,Loss,18NFL15
Andrew Luck,Completions,IND,DAL,Home,25.5,16,-130,Loss,100,Win,18NFL15
Baker Mayfield,Completions,CLE,DEN,Away,22.5,18,-115,Loss,-115,Win,18NFL15
Ben Roethlisberger,Completions,PIT,NE,Home,26.5,22,-110,Loss,-120,Win,18NFL15
Cam Newton,Completions,CAR,NO,Home,22.5,16,-115,Loss,-115,Win,18NFL15
Case Keenum,Completions,DEN,CLE,Home,21.5,31,-115,Win,-115,Loss,18NFL15
Cody Kessler,Completions,JAC,WAS,Home,18.5,9,-115,Loss,-115,Win,18NFL15
Dak Prescott,Completions,DAL,Ind,Away,22.5,24,-115,Win,-115,Loss,18NFL15
Derek Carr,Completions,OAK,CIN,Away,23,21,-115,Loss,-115,Win,18NFL15
Deshaun Watson,Completions,HOU,NYJ,Away,19.5,22,-115,Win,-115,Loss,18NFL15
Drew Brees,Completions,NO,CAR,Home,24,23,-115,Loss,-115,Win,18NFL15
Eli Manning,Completions,NYG,TEN,Home,23.5,21,-105,Loss,-125,Win,18NFL15
Jameis Winston,Completions,TB,BAL,Away,23.5,13,-115,Loss,-115,Win,18NFL15
Jared Goff,Completions,LAR,PHI,Home,24.5,35,-125,Win,-105,Loss,18NFL15
Jeff Driskel,Completions,CIN,OAK,Home,21,14,-115,Loss,-115,Win,18NFL15
Josh Johnson,Completions,WAS,JAC,Away,17.5,16,-115,Loss,-115,Win,18NFL15
Josh Rosen,Completions,ARI,ATL,Away,19,13,-115,Loss,-115,Win,18NFL15
Kirk Cousins,Completions,MIN,MIA,Home,26,14,-115,Loss,-115,Win,18NFL15
Lamar Jackson,Completions,BAL,TB,Home,15.5,14,-115,Loss,-115,Win,18NFL15
Marcus Mariota,Completions,TEN,NYG,Away,19,12,-115,Loss,-115,Win,18NFL15
Matt Ryan,Completions,ATL,ARI,Home,25.5,22,100,Loss,-130,Win,18NFL15
Matthew Stafford,Completions,DET,BUF,Away,23,22,-115,Loss,-115,Win,18NFL15
Mitchell Trubisky,Completions,CHI,GB,Home,21.5,20,-120,Loss,-110,Win,18NFL15
Nick Foles,Completions,PHI,LAR,Away,24,24,-115,Push,-115,Push,18NFL15
Nick Mullins,Completions,SF,SEA,Home,20.5,20,-115,Loss,-115,Win,18NFL15
Patrick Mahomes II,Completions,KC,LAC,Home,24.5,24,-135,Loss,105,Win,18NFL15
Philip Rivers,Completions,LAC,KC,Away,24.5,26,-135,Win,105,Loss,18NFL15
Russell Wilson,Completions,SEA,SF,Away,19.5,23,-115,Win,-115,Loss,18NFL15
Ryan Tannehill,Completions,MIA,MIN,Away,20,11,-115,Loss,-115,Win,18NFL15
Sam Darnold,Completions,NYJ,HOU,Home,18,24,-115,Win,-115,Loss,18NFL15
Tom Brady,Completions,NE,PIT,Away,24.5,25,-115,Win,-115,Loss,18NFL15
Aaron Rodgers,Completions,GB,ATL,Home,24,21,-115,Loss,-115,Win,18NFL14
Andrew Luck,Completions,IND,HOU,Away,24.5,27,-115,Win,-115,Loss,18NFL14
Baker Mayfield,Completions,CLE,CAR,Home,22.5,18,-115,Loss,-115,Win,18NFL14
Ben Roethlisberger,Completions,PIT,OAK,Away,25.5,25,-126,Loss,-110,Win,18NFL14
Cam Newton,Completions,CAR,CLE,Away,21.5,26,-110,Win,-120,Loss,18NFL14
Carson Wentz,Completions,PHI,DAL,Away,24.5,22,-115,Loss,-115,Win,18NFL14
Case Keenum,Completions,DEN,SF,Away,21.5,24,-115,Win,-115,Loss,18NFL14
Cody Kessler,Completions,JAC,TEN,Home,20,25,-120,Win,-110,Loss,18NFL14
Dak Prescott,Completions,DAL,PHI,Home,20.5,42,-125,Win,-105,Loss,18NFL14
Derek Carr,Completions,OAK,PIT,Home,23.5,25,-115,Win,-115,Loss,18NFL14
Deshaun Watson,Completions,HOU,IND,Home,20.5,27,-115,Win,-115,Loss,18NFL14
Drew Brees,Completions,NO,TB,Away,24,24,-115,Push,-115,Push,18NFL14
Eli Manning,Completions,NYG,WAS,Away,23.5,14,-115,Loss,-115,Win,18NFL14
Jameis Winston,Completions,TB,NO,Home,24.5,18,-115,Loss,-115,Win,18NFL14
Jared Goff,Completions,LAR,CHI,Away,24,20,-115,Loss,-115,Win,18NFL14
Jeff Driskel,Completions,CIN,LAC,Away,20.5,18,-115,Loss,-115,Win,18NFL14
Josh Allen,Completions,BUF,NYJ,Home,17,18,-115,Win,-115,Loss,18NFL14
Josh Rosen,Completions,ARI,DET,Home,18.5,26,-120,Win,-110,Loss,18NFL14
Kirk Cousins,Completions,MIN,SEA,Away,26.5,20,-115,Loss,-115,Win,18NFL14
Lamar Jackson,Completions,BAL,KC,Away,16.5,13,-120,Loss,-110,Win,18NFL14
Marcus Mariota,Completions,TEN,JAC,Away,19,18,-105,Loss,-125,Win,18NFL14
Mark Sanchez,Completions,WAS,NYG,Home,19,6,-115,Loss,-115,Win,18NFL14
Matt Ryan,Completions,ATL,GB,Away,26.5,28,-115,Win,-115,Loss,18NFL14
Matthew Stafford,Completions,DET,ARI,Away,23.5,15,-120,Loss,-110,Win,18NFL14
Mitchell Trubisky,Completions,CHI,LAR,Home,20.5,16,-115,Loss,-115,Win,18NFL14
Nick Mullins,Completions,SF,DEN,Home,21.5,20,-115,Loss,-115,Win,18NFL14
Patrick Mahomes II,Completions,KC,BAL,Home,23.5,35,-115,Win,-115,Loss,18NFL14
Philip Rivers,Completions,LAC,CIN,Home,23.5,19,-115,Loss,-115,Win,18NFL14
Russell Wilson,Completions,SEA,MIN,Home,19.5,10,-120,Loss,-110,Win,18NFL14
Ryan Tannehill,Completions,MIA,NE,Home,21.5,14,-115,Loss,-115,Win,18NFL14
Sam Darnold,Completions,NYJ,BUF,Away,18.5,16,-115,Loss,-115,Win,18NFL14
Tom Brady,Completions,NE,PHI,Away,24.5,27,-125,Win,-105,Loss,18NFL14
Aaron Rodgers,Completions,GB,ARI,Home,22.5,31,-135,Win,105,Loss,18NFL13
Andrew Luck,Completions,IND,JAC,Away,23.5,33,-115,Win,-115,Loss,18NFL13
Baker Mayfield,Completions,CLE,HOU,Away,23.5,29,-125,Win,-105,Loss,18NFL13
Ben Roethlisberger,Completions,PIT,LAC,Home,26,29,-115,Win,-115,Loss,18NFL13
Cam Newton,Completions,CAR,TB,Away,22.5,28,-115,Win,-115,Loss,18NFL13
Carson Wentz,Completions,PHI,WAS,Home,23.5,27,-115,Win,-115,Loss,18NFL13
Case Keenum,Completions,DEN,CIN,Away,21.5,12,-115,Loss,-115,Win,18NFL13
Chase Daniel,Completions,CHI,NYG,Away,20.5,26,-115,Win,-115,Loss,18NFL13
Cody Kessler,Completions,JAC,IND,Home,20.5,18,-115,Loss,-115,Win,18NFL13
Colt McCoy,Completions,WAS,PHI,Away,21.5,4,-120,Loss,-110,Win,18NFL13
Dak Prescott,Completions,DAL,NO,Home,21.5,24,-125,Win,-105,Loss,18NFL13
Derek Carr,Completions,OAK,KC,Home,24.5,29,-115,Win,-115,Loss,18NFL13
Deshaun Watson,Completions,HOU,CLE,Home,20.5,22,105,Win,-135,Loss,18NFL13
Drew Brees,Completions,NO,DAL,Away,24,18,-130,Loss,100,Win,18NFL13
Eli Manning,Completions,NYG,CHI,Home,23.5,19,-125,Loss,-105,Win,18NFL13
Jameis Winston,Completions,TB,CAR,Home,25.5,20,-105,Loss,-125,Win,18NFL13
Jared Goff,Completions,LAR,DET,Away,24.5,17,-115,Loss,-115,Win,18NFL13
Jeff Driskel,Completions,CIN,DEN,Home,20,25,-115,Win,-115,Loss,18NFL13
Josh Rosen,Completions,ARI,GB,Away,18.5,11,-120,Loss,-110,Win,18NFL13
Kirk Cousins,Completions,MIN,NE,Away,26.5,32,-130,Win,100,Loss,18NFL13
Lamar Jackson,Completions,BAL,ATL,Away,16.5,12,-120,Loss,-110,Win,18NFL13
Marcus Mariota,Completions,TEN,NYJ,Home,18.5,20,-115,Win,-115,Loss,18NFL13
Matt Ryan,Completions,ATL,BAL,Home,24.5,16,-120,Loss,-110,Win,18NFL13
Matthew Stafford,Completions,DET,LAR,Home,24.5,20,-115,Loss,-115,Win,18NFL13
Nick Mullins,Completions,SF,SEA,Away,19.5,30,-125,Win,-105,Loss,18NFL13
Patrick Mahomes II,Completions,KC,OAK,Away,24,23,-115,Loss,-115,Win,18NFL13
Philip Rivers,Completions,LAC,PIT,Away,24,26,-115,Win,-115,Loss,18NFL13
Russell Wilson,Completions,SEA,SF,Home,19.5,11,-110,Loss,-120,Win,18NFL13
Ryan Tannehill,Completions,MIA,BUF,Home,19.5,16,-125,Loss,-105,Win,18NFL13
Tom Brady,Completions,NE,MIN,Home,23.5,24,-130,Win,100,Loss,18NFL13
Aaron Rodgers,Completions,GB,MIN,Away,24.5,17,-135,Loss,105,Win,18NFL12
Andrew Luck,Completions,IND,MIA,Home,24,30,-110,Win,-120,Loss,18NFL12
Andy Dalton,Completions,CIN,CLE,Home,22,10,-115,Loss,-115,Win,18NFL12
Baker Mayfield,Completions,CLE,CIN,Away,23.5,19,-115,Loss,-115,Win,18NFL12
Ben Roethlisberger,Completions,PIT,DEN,Away,25.5,41,-115,Win,-115,Loss,18NFL12
Blake Bortles,Completions,JAC,BUF,Away,20.5,12,-115,Loss,-115,Win,18NFL12
Cam Newton,Completions,CAR,SEA,Home,20.5,25,-130,Win,100,Loss,18NFL12
Carson Wentz,Completions,PHI,NYG,Home,24.5,20,-115,Loss,-115,Win,18NFL12
Case Keenum,Completions,DEN,PIT,Home,21.5,15,-115,Loss,-115,Win,18NFL12
Colt McCoy,Completions,WAS,DAL,Away,20,24,-125,Win,-105,Loss,18NFL12
Dak Prescott,Completions,DAL,WAS,Home,20.5,22,-115,Win,-115,Loss,18NFL12
Derek Carr,Completions,OAK,BAL,Away,22.5,16,-115,Loss,-115,Win,18NFL12
Deshaun Watson,Completions,HOU,TEN,Home,20,19,-115,Loss,-115,Win,18NFL12
Drew Brees,Completions,NO,ATL,Home,25,15,-140,Loss,110,Win,18NFL12
Eli Manning,Completions,NYG,PHI,Away,24.5,26,-115,Win,-115,Loss,18NFL12
Jameis Winston,Completions,TB,SF,Home,23,29,-115,Win,-115,Loss,18NFL12
Josh McCown,Completions,NYJ,NE,Home,18.5,26,-115,Win,-115,Loss,18NFL12
Josh Rosen,Completions,ARI,LAC,Away,19.5,12,-115,Loss,-115,Win,18NFL12
Kirk Cousins,Completions,MIN,GB,Home,25.5,29,-115,Win,-115,Loss,18NFL12
Lamar Jackson,Completions,BAL,OAK,Home,15,14,-105,Loss,-125,Win,18NFL12
Marcus Mariota,Completions,TEN,HOU,Away,19,22,-115,Win,-115,Loss,18NFL12
Matt Ryan,Completions,ATL,NO,Away,28,35,-110,Win,-120,Loss,18NFL12
Matthew Stafford,Completions,DET,CHI,Home,24,28,-125,Win,-105,Loss,18NFL12
Nick Mullins,Completions,SF,TB,Away,21.5,18,-125,Loss,-105,Win,18NFL12
Philip Rivers,Completions,LAC,ARI,Home,22,28,-115,Win,-115,Loss,18NFL12
Russell Wilson,Completions,SEA,CAR,Away,19.5,22,-125,Win,-105,Loss,18NFL12
Ryan Tannehill,Completions,MIA,IND,Away,21.5,17,-110,Loss,-120,Win,18NFL12
Tom Brady,Completions,NE,NYJ,Away,24.5,20,-125,Loss,-105,Win,18NFL12
Aaron Rodgers,Completions,GB,SEA,Away,25,21,-105,Loss,-125,Win,18NFL11
Alex Smith,Completions,WAS,HOU,Home,21.5,12,-115,Loss,-115,Win,18NFL11
Andrew Luck,Completions,IND,TEN,Home,24.5,23,-120,Loss,-110,Win,18NFL11
Andy Dalton,Completions,CIN,BAL,Away,21.5,19,-115,Loss,-115,Win,18NFL11
Ben Roethlisberger,Completions,PIT,JAC,Away,24.5,27,-115,Win,-115,Loss,18NFL11
Blake Bortles,Completions,JAC,PIT,Home,21.5,10,-115,Loss,-115,Win,18NFL11
Cam Newton,Completions,CAR,DET,Away,21.5,25,-120,Win,-110,Loss,18NFL11
Carson Wentz,Completions,PHI,NO,Away,26.5,19,-130,Loss,100,Win,18NFL11
Case Keenum,Completions,DEN,LAC,Away,22.5,19,-120,Loss,-110,Win,18NFL11
Dak Prescott,Completions,DAL,ATL,Away,20.5,22,-125,Win,-105,Loss,18NFL11
Derek Carr,Completions,OAK,ARI,Away,23,19,-120,Loss,-110,Win,18NFL11
Deshaun Watson,Completions,HOU,WAS,Away,20.5,16,-115,Loss,-115,Win,18NFL11
Drew Brees,Completions,NO,PHI,Home,25.5,22,-130,Loss,100,Win,18NFL11
Eli Manning,Completions,NYG,TB,Home,25,17,-115,Loss,-115,Win,18NFL11
Jared Goff,Completions,LAR,KC,Home,25,31,-115,Win,-115,Loss,18NFL11
Josh Rosen,Completions,ARI,OAK,Home,19.5,9,-120,Loss,-110,Win,18NFL11
Kirk Cousins,Completions,MIN,CHI,Away,26,30,-120,Win,-110,Loss,18NFL11
Marcus Mariota,Completions,TEN,IND,Away,19.5,10,-120,Loss,-110,Win,18NFL11
Matt Ryan,Completions,ATL,DAL,Home,26,24,-115,Loss,-115,Win,18NFL11
Matthew Stafford,Completions,DET,CAR,Home,24,23,-115,Loss,-115,Win,18NFL11
Mitchell Trubisky,Completions,CHI,MIN,Home,20.5,20,-125,Loss,-105,Win,18NFL11
Patrick Mahomes II,Completions,KC,LAR,Away,24,33,-115,Win,-115,Loss,18NFL11
Philip Rivers,Completions,LAC,DEN,Away,21.5,28,-125,Win,-105,Loss,18NFL11
Russell Wilson,Completions,SEA,GB,Home,19,21,-125,Win,-105,Loss,18NFL11
Ryan Fitzpatrick,Completions,TB,NYG,Away,24.5,13,-125,Loss,-105,Win,18NFL11
Aaron Rodgers,Completions,GB,MIA,Home,23.5,19,-130,Loss,100,Win,18NFL10
Alex Smith,Completions,WAS,TB,Away,22.5,19,-115,Loss,-115,Win,18NFL10
Andrew Luck,Completions,IND,JAC,Home,23,21,-145,Loss,115,Win,18NFL10
Andy Dalton,Completions,CIN,NO,Home,23.5,12,-125,Loss,-105,Win,18NFL10
Baker Mayfield,Completions,CLE,ATL,Home,24.5,17,-115,Loss,-115,Win,18NFL10
Ben Roethlisberger,Completions,PIT,CAR,Home,26,22,-115,Loss,-115,Win,18NFL10
Blake Bortles,Completions,JAC,IND,Away,21.5,26,-135,Win,105,Loss,18NFL10
Brock Osweiler,Completions,MIA,GB,Away,20.5,23,-110,Win,-120,Loss,18NFL10
Cam Newton,Completions,CAR,PIT,Away,21.5,23,-110,Win,-120,Loss,18NFL10
Carson Wentz,Completions,PHI,DAL,Home,25,32,-115,Win,-115,Loss,18NFL10
Dak Prescott,Completions,DAL,PHI,Away,20.5,26,-110,Win,-120,Loss,18NFL10
Derek Carr,Completions,OAK,LAC,Home,23.5,24,-115,Win,-115,Loss,18NFL10
Drew Brees,Completions,NO,CIN,Away,26.5,22,-115,Loss,-115,Win,18NFL10
Eli Manning,Completions,NYG,SF,Away,25,19,-115,Loss,-115,Win,18NFL10
Jared Goff,Completions,LAR,SEA,Home,23.5,28,-115,Win,-115,Loss,18NFL10
Josh McCown,Completions,NYJ,BUF,Home,19.5,17,-115,Loss,-115,Win,18NFL10
Josh Rosen,Completions,ARI,KC,Away,20.5,22,-115,Win,-115,Loss,18NFL10
Marcus Mariota,Completions,TEN,NE,Home,20,16,-115,Loss,-115,Win,18NFL10
Matt Ryan,Completions,ATL,CLE,Away,26,38,-120,Win,-110,Loss,18NFL10
Matthew Stafford,Completions,DET,CHI,Away,24,25,-115,Win,-115,Loss,18NFL10
Mitchell Trubisky,Completions,CHI,DET,Home,21.5,23,-115,Win,-115,Loss,18NFL10
Nick Mullins,Completions,SF,NYG,Home,19.5,27,-115,Win,-115,Loss,18NFL10
Patrick Mahomes II,Completions,KC,AZ,Home,24,21,-115,Loss,-115,Win,18NFL10
Philip Rivers,Completions,LAC,OAK,Away,22.5,18,-120,Loss,-110,Win,18NFL10
Russell Wilson,Completions,SEA,LAR,Away,20,17,-115,Loss,-115,Win,18NFL10
Ryan Fitzpatrick,Completions,TB,WAS,Home,25.5,29,-110,Win,-120,Loss,18NFL10
Tom Brady,Completions,NE,TEN,Away,26.5,21,-115,Loss,-115,Win,18NFL10
Aaron Rodgers,Completions,GB,NE,Away,26,24,-125,Loss,-105,Win,18NFL09
Alex Smith,Completions,WAS,ATL,Home,21.5,30,-115,Win,-115,Loss,18NFL09
Baker Mayfield,Completions,CLE,KC,Home,23.5,29,-120,Win,-110,Loss,18NFL09
Ben Roethlisberger,Completions,PIT,BAL,Away,24.5,28,-125,Win,-105,Loss,18NFL09
Brock Osweiler,Completions,MIA,NYJ,Home,19.5,15,-120,Loss,-110,Win,18NFL09
Cam Newton,Completions,CAR,TB,Home,20.5,19,-105,Loss,-125,Win,18NFL09
Case Keenum,Completions,DEN,HOU,Home,22.5,26,-125,Win,-105,Loss,18NFL09
Dak Prescott,Completions,DAL,TEN,Home,18.5,21,-115,Win,-115,Loss,18NFL09
Derek Carr,Completions,OAK,SF,Away,24.5,16,-115,Loss,-115,Win,18NFL09
Deshaun Watson,Completions,HOU,DEN,Away,20.5,17,-140,Loss,110,Win,18NFL09
Drew Brees,Completions,NO,LAR,Home,25.5,25,-135,Loss,105,Win,18NFL09
Jared Goff,Completions,LAR,NO,Away,25.5,28,-125,Win,-105,Loss,18NFL09
Joe Flacco,Completions,BAL,PIT,Home,24,23,-115,Loss,-115,Win,18NFL09
Kirk Cousins,Completions,MIN,DET,Home,26,18,-115,Loss,-115,Win,18NFL09
Marcus Mariota,Completions,TEN,DAL,Home,19.5,21,-115,Win,-115,Loss,18NFL09
Matt Ryan,Completions,ATL,WAS,Away,26,26,-115,Push,-115,Push,18NFL09
Matthew Stafford,Completions,DET,MIN,Away,24,25,-115,Win,-115,Loss,18NFL09
Mitchell Trubisky,Completions,CHI,BUF,Away,21.5,12,-115,Loss,-115,Win,18NFL09
Patrick Mahomes II,Completions,KC,CLE,Away,24.5,23,-125,Loss,-105,Win,18NFL09
Philip Rivers,Completions,LAC,SEA,Away,24,13,-120,Loss,-110,Win,18NFL09
Russell Wilson,Completions,SEA,LAC,Home,18.5,26,-125,Win,-105,Loss,18NFL09
Ryan Fitzpatrick,Completions,TB,CAR,Away,25.5,24,-115,Loss,-115,Win,18NFL09
Sam Darnold,Completions,NYJ,MIA,Away,19.5,21,-135,Win,105,Loss,18NFL09
Tom Brady,Completions,NE,GB,Home,25,22,-125,Loss,-105,Win,18NFL09
Aaron Rodgers,Completions,GB,LAR,Away,25.5,18,-125,Loss,-105,Win,18NFL08
Alex Smith,Completions,WAS,NYG,Away,21.5,20,-120,Loss,-110,Win,18NFL08
Andrew Luck,Completions,IND,OAK,Away,26.5,22,-120,Loss,-110,Win,18NFL08
Andy Dalton,Completions,CIN,TB,Home,25.5,21,-120,Loss,-110,Win,18NFL08
Baker Mayfield,Completions,CLE,PIT,Away,23.5,22,-115,Loss,-115,Win,18NFL08
Ben Roethlisberger,Completions,PIT,CLE,Home,25.5,24,-115,Loss,-115,Win,18NFL08
Blake Bortles,Completions,JAC,PHI,Home,20.5,24,-115,Win,-115,Loss,18NFL08
Brock Osweiler,Completions,MIA,HOU,Away,21,21,-155,Push,125,Push,18NFL08
C.J. Beathard,Completions,SF,AZ,Away,21,14,-115,Loss,-115,Win,18NFL08
Cam Newton,Completions,CAR,BAL,Home,21,21,-115,Push,-115,Push,18NFL08
Carson Wentz,Completions,PHI,JAC,Away,23,21,-115,Loss,-115,Win,18NFL08
Case Keenum,Completions,DEN,KC,Away,22.5,23,-115,Win,-115,Loss,18NFL08
Derek Anderson,Completions,BUF,NE,Home,19.5,22,-115,Win,-115,Loss,18NFL08
Derek Carr,Completions,OAK,IND,Home,25,21,-115,Loss,-115,Win,18NFL08
Deshaun Watson,Completions,HOU,MIA,Home,22.5,16,-125,Loss,-105,Win,18NFL08
Drew Brees,Completions,NO,MIN,Away,26.5,18,-125,Loss,-105,Win,18NFL08
Eli Manning,Completions,NYG,WAS,Home,24.5,30,-120,Win,-110,Loss,18NFL08
Jameis Winston,Completions,TB,CIN,Away,25.5,18,-120,Loss,-110,Win,18NFL08
Jared Goff,Completions,LAR,GB,Home,22.5,19,-120,Loss,-110,Win,18NFL08
Joe Flacco,Completions,BAL,CAR,Away,25,22,-115,Loss,-115,Win,18NFL08
Josh Rosen,Completions,ARI,SF,Home,18.5,23,-115,Win,-115,Loss,18NFL08
Kirk Cousins,Completions,MIN,NO,Home,26.5,31,-125,Win,-105,Loss,18NFL08
Matthew Stafford,Completions,DET,SEA,Home,23.5,27,-110,Win,-120,Loss,18NFL08
Mitchell Trubisky,Completions,CHI,NYJ,Home,21.5,16,-115,Loss,-115,Win,18NFL08
Patrick Mahomes II,Completions,KC,DEN,Home,24.5,24,-115,Loss,-115,Win,18NFL08
Russell Wilson,Completions,SEA,DET,Away,21,14,-105,Loss,-125,Win,18NFL08
Sam Darnold,Completions,NYJ,CHI,Away,19.5,14,-115,Loss,-115,Win,18NFL08
Tom Brady,Completions,NE,BUF,Away,24.5,29,-115,Win,-115,Loss,18NFL08
Alex Smith,Completions,WAS,DAL,Home,21.5,14,-120,Loss,-110,Win,18NFL07
Andrew Luck,Completions,IND,BUF,Home,25.5,17,-135,Loss,105,Win,18NFL07
Andy Dalton,Completions,CIN,KC,Away,25,15,-125,Loss,-105,Win,18NFL07
Baker Mayfield,Completions,CLE,TB,Away,24.5,23,-115,Loss,-115,Win,18NFL07
Blake Bortles,Completions,JAC,HOU,Home,20.5,6,-115,Loss,-115,Win,18NFL07
Brock Osweiler,Completions,MIA,DET,Home,21.5,22,-115,Win,-115,Loss,18NFL07
C.J. Beathard,Completions,SF,LAR,Home,21.5,15,-115,Loss,-115,Win,18NFL07
Cam Newton,Completions,CAR,PHI,Away,21,25,-125,Win,-105,Loss,18NFL07
Carson Wentz,Completions,PHI,CAR,Home,23.5,30,-125,Win,-105,Loss,18NFL07
Case Keenum,Completions,DEN,AZ,Away,22.5,14,-120,Loss,-110,Win,18NFL07
Dak Prescott,Completions,DAL,WAS,Away,18,22,-115,Win,-115,Loss,18NFL07
Derek Anderson,Completions,BUF,IND,Away,19.5,20,-125,Win,-105,Loss,18NFL07
Deshaun Watson,Completions,HOU,JAC,Away,21.5,12,-115,Loss,-115,Win,18NFL07
Drew Brees,Completions,NO,BAL,Away,26.5,22,-135,Loss,105,Win,18NFL07
Eli Manning,Completions,NYG,ATL,Away,24.5,27,-120,Win,-110,Loss,18NFL07
Jameis Winston,Completions,TB,CLE,Home,24.5,32,-115,Win,-115,Loss,18NFL07
Jared Goff,Completions,LAR,SF,Away,23.5,18,-115,Loss,-115,Win,18NFL07
Joe Flacco,Completions,BAL,NO,Home,25,23,-120,Loss,-110,Win,18NFL07
Josh Rosen,Completions,ARI,DEN,Home,19,21,-130,Win,100,Loss,18NFL07
Kirk Cousins,Completions,MIN,NYJ,Away,26.5,25,-115,Loss,-115,Win,18NFL07
Marcus Mariota,Completions,TEN,LAC,Away,19,24,-125,Win,-105,Loss,18NFL07
Matt Ryan,Completions,ATL,NYG,Home,26,31,-115,Win,-115,Loss,18NFL07
Matthew Stafford,Completions,DET,MIA,Away,25.5,18,-115,Loss,-115,Win,18NFL07
Mitchell Trubisky,Completions,CHI,NE,Home,21,26,-140,Win,110,Loss,18NFL07
Patrick Mahomes II,Completions,KC,CIN,Home,25,28,-125,Win,-105,Loss,18NFL07
Philip Rivers,Completions,LAC,TEN,Home,23,19,-135,Loss,105,Win,18NFL07
Sam Darnold,Completions,NYJ,MIN,Home,20.5,17,-120,Loss,-110,Win,18NFL07
Tom Brady,Completions,NE,CHI,Away,25,25,-120,Push,-110,Push,18NFL07
Aaron Rodgers,Completions,GB,SF,Home,25,25,-125,Push,-105,Push,18NFL06
Alex Smith,Completions,WAS,CAR,Home,21.5,21,-135,Loss,105,Win,18NFL06
Andrew Luck,Completions,IND,NYJ,Away,24.5,23,-115,Loss,-115,Win,18NFL06
Andy Dalton,Completions,CIN,PIT,Home,24,26,-115,Win,-115,Loss,18NFL06
Baker Mayfield,Completions,CLE,LAC,Home,23,22,-115,Loss,-115,Win,18NFL06
Ben Roethlisberger,Completions,PIT,CIN,Away,25.5,32,-115,Win,-115,Loss,18NFL06
Blake Bortles,Completions,JAC,DAL,Away,23.5,15,-105,Loss,-125,Win,18NFL06
C.J. Beathard,Completions,SF,GB,Away,22,16,-125,Loss,-105,Win,18NFL06
Cam Newton,Completions,CAR,WAS,Away,20.5,27,-135,Win,105,Loss,18NFL06
Carson Wentz,Completions,PHI,NYG,Away,24.5,26,-145,Win,115,Loss,18NFL06
Case Keenum,Completions,DEN,LAR,Home,23.5,25,-115,Win,-115,Loss,18NFL06
Dak Prescott,Completions,DAL,JAC,Home,19,17,-125,Loss,-105,Win,18NFL06
Derek Carr,Completions,OAK,SEA,Home,24,23,-135,Loss,105,Win,18NFL06
Deshaun Watson,Completions,HOU,BUF,Home,22.5,15,-135,Loss,105,Win,18NFL06
Eli Manning,Completions,NYG,PHI,Home,24.5,24,-135,Loss,105,Win,18NFL06
Jameis Winston,Completions,TB,ATL,Away,25.5,30,-115,Win,-115,Loss,18NFL06
Jared Goff,Completions,LAR,DEN,Away,24.5,14,-115,Loss,-115,Win,18NFL06
Joe Flacco,Completions,BAL,TEN,Away,24,25,-120,Win,-110,Loss,18NFL06
Josh Allen,Completions,BUF,HOU,Away,18.5,10,-120,Loss,-110,Win,18NFL06
Josh Rosen,Completions,ARI,MIN,Away,19.5,21,-115,Win,-115,Loss,18NFL06
Kirk Cousins,Completions,MIN,ARI,Home,25.5,24,-145,Loss,115,Win,18NFL06
Marcus Mariota,Completions,TEN,BAL,Home,19.5,10,-120,Loss,-110,Win,18NFL06
Matt Ryan,Completions,ATL,TB,Home,26,31,-115,Win,-115,Loss,18NFL06
Mitchell Trubisky,Completions,CHI,MIA,Away,21.5,22,-115,Win,-115,Loss,18NFL06
Patrick Mahomes II,Completions,KC,NE,Away,25,23,-135,Loss,105,Win,18NFL06
Philip Rivers,Completions,LAC,CLE,Away,22.5,11,-115,Loss,-115,Win,18NFL06
Russell Wilson,Completions,SEA,OAK,Away,20.5,17,-120,Loss,-110,Win,18NFL06
Sam Darnold,Completions,NYJ,IND,Home,20.5,24,-115,Win,-115,Loss,18NFL06
Tom Brady,Completions,NE,KC,Home,26.5,24,-145,Loss,115,Win,18NFL06
Aaron Rodgers,Completions,GB,DET,Away,25.5,32,-115,Win,-115,Loss,18NFL05
Alex Smith,Completions,WAS,NO,Away,23.5,23,-130,Loss,100,Win,18NFL05
Andrew Luck,Completions,IND,NE,Away,25.5,38,-130,Win,100,Loss,18NFL05
Andy Dalton,Completions,CIN,MIA,Home,21.5,20,-145,Loss,115,Win,18NFL05
Baker Mayfield,Completions,CLE,BAL,Home,20.5,25,-120,Win,-110,Loss,18NFL05
Ben Roethlisberger,Completions,PIT,ATL,Home,25.5,19,-155,Loss,125,Win,18NFL05
Blake Bortles,Completions,JAC,KC,Away,22.5,33,-115,Win,-115,Loss,18NFL05
C.J. Beathard,Completions,SF,ARI,Home,21.5,34,-120,Win,-110,Loss,18NFL05
Cam Newton,Completions,CAR,NYG,Home,19.5,21,-140,Win,110,Loss,18NFL05
Carson Wentz,Completions,PHI,MIN,Home,24.5,24,-135,Loss,105,Win,18NFL05
Case Keenum,Completions,DEN,NYJ,Away,21.5,35,-115,Win,-115,Loss,18NFL05
Dak Prescott,Completions,DAL,HOU,Away,19.5,18,-145,Loss,115,Win,18NFL05
Derek Carr,Completions,OAK,LAC,Away,25.5,24,-120,Loss,-110,Win,18NFL05
Deshaun Watson,Completions,HOU,DAL,Home,22.5,33,-135,Win,105,Loss,18NFL05
Drew Brees,Completions,NO,WAS,Home,26.5,26,-125,Loss,-105,Win,18NFL05
Eli Manning,Completions,NYG,CAR,Away,25,22,-115,Loss,-115,Win,18NFL05
Jared Goff,Completions,LAR,SEA,Away,22.5,23,-115,Win,-115,Loss,18NFL05
Joe Flacco,Completions,BAL,CLE,Away,24,29,-120,Win,-110,Loss,18NFL05
Josh Allen,Completions,BUF,TEN,Away,17.5,10,-115,Loss,-115,Win,18NFL05
Josh Rosen,Completions,ARI,SF,Away,21.5,10,-120,Loss,-110,Win,18NFL05
Kirk Cousins,Completions,MIN,PHI,Away,24.5,30,-135,Win,105,Loss,18NFL05
Marcus Mariota,Completions,TEN,BUF,Away,20.5,14,-115,Loss,-115,Win,18NFL05
Matt Ryan,Completions,ATL,PIT,Away,24.5,26,-130,Win,100,Loss,18NFL05
Matthew Stafford,Completions,DET,GB,Home,26.5,14,-125,Loss,-105,Win,18NFL05
Patrick Mahomes II,Completions,KC,JAC,Home,23.5,22,-115,Loss,-115,Win,18NFL05
Philip Rivers,Completions,LAC,OAK,Home,23.5,22,-120,Loss,-110,Win,18NFL05
Russell Wilson,Completions,SEA,LAR,Home,22,13,-115,Loss,-115,Win,18NFL05
Ryan Tannehill,Completions,MIA,CIN,Away,22.5,20,-135,Loss,105,Win,18NFL05
Sam Darnold,Completions,NYJ,DEN,Away,20,10,-115,Loss,-115,Win,18NFL05
Tom Brady,Completions,NE,IND,Home,25,34,-125,Win,-105,Loss,18NFL05
Aaron Rodgers,Completions,GB,BUF,Home,23.5,22,-125,Loss,-105,Win,18NFL04
Andrew Luck,Completions,IND,HOU,Home,23,40,-125,Win,-105,Loss,18NFL04
Andy Dalton,Completions,CIN,ATL,Away,23.5,29,-135,Win,105,Loss,18NFL04
Baker Mayfield,Completions,CLE,OAK,Away,22.5,21,-125,Loss,-105,Win,18NFL04
Ben Roethlisberger,Completions,PIT,BAL,Home,25,27,-125,Win,-105,Loss,18NFL04
Blake Bortles,Completions,JAC,NYJ,Home,20,29,-125,Win,-105,Loss,18NFL04
C.J. Beathard,Completions,SF,LAC,Away,20,23,-115,Win,-115,Loss,18NFL04
Carson Wentz,Completions,PHI,TEN,Away,22.5,33,-125,Win,-105,Loss,18NFL04
Case Keenum,Completions,DEN,KC,Home,23.5,21,-125,Loss,-105,Win,18NFL04
Dak Prescott,Completions,DAL,DET,Home,19,17,-125,Loss,-105,Win,18NFL04
Derek Carr,Completions,OAK,CLE,Home,23.5,35,-125,Win,-105,Loss,18NFL04
Deshaun Watson,Completions,HOU,IND,Away,22,29,-125,Win,-105,Loss,18NFL04
Drew Brees,Completions,NO,NYG,Away,26.5,18,-125,Loss,-105,Win,18NFL04
Eli Manning,Completions,NYG,NO,Home,25,31,-125,Win,-105,Loss,18NFL04
Jared Goff,Completions,LAR,MIN,Home,22.5,26,-135,Win,105,Loss,18NFL04
Joe Flacco,Completions,BAL,PIT,Away,22.5,28,-125,Win,-105,Loss,18NFL04
Josh Allen,Completions,BUF,GB,Away,18.5,16,-125,Loss,-105,Win,18NFL04
Josh Rosen,Completions,ARI,SEA,Home,20,15,-125,Loss,-105,Win,18NFL04
Kirk Cousins,Completions,MIN,LAR,Away,25.5,36,-130,Win,100,Loss,18NFL04
Marcus Mariota,Completions,TEN,PHI,Home,18,30,-125,Win,-105,Loss,18NFL04
Matt Ryan,Completions,ATL,CIN,Home,23,29,-125,Win,-105,Loss,18NFL04
Matthew Stafford,Completions,DET,DAL,Away,25,24,-115,Loss,-115,Win,18NFL04
Mitchell Trubisky,Completions,CHI,TB,Home,22,19,-125,Loss,-105,Win,18NFL04
Patrick Mahomes II,Completions,KC,DEN,Away,23,28,-125,Win,-105,Loss,18NFL04
Philip Rivers,Completions,LAC,SF,Home,24.5,25,-125,Win,-105,Loss,18NFL04
Russell Wilson,Completions,SEA,ARI,Away,20.5,19,-125,Loss,-105,Win,18NFL04
Ryan Fitzpatrick,Completions,TB,CHI,Away,20,9,-125,Loss,-105,Win,18NFL04
Ryan Tannehill,Completions,MIA,NE,Away,23,11,-125,Loss,-105,Win,18NFL04
Sam Darnold,Completions,NYJ,JAC,Away,19,17,-125,Loss,-105,Win,18NFL04
Tom Brady,Completions,NE,MIA,Home,25.5,23,-125,Loss,-105,Win,18NFL04
Aaron Rodgers,Completions,GB,WAS,Away,23.5,27,-125,Win,-105,Loss,18NFL03
Alex Smith,Completions,WAS,GB,Home,23,12,-115,Loss,-115,Win,18NFL03
Andrew Luck,Completions,IND,PHI,Away,24,25,-125,Win,-105,Loss,18NFL03
Andy Dalton,Completions,CIN,CAR,Away,21.5,29,-125,Win,-105,Loss,18NFL03
Ben Roethlisberger,Completions,PIT,TB,Away,25.5,30,-125,Win,-105,Loss,18NFL03
Blake Bortles,Completions,JAC,TEN,Home,20.5,21,-125,Win,-105,Loss,18NFL03
Cam Newton,Completions,CAR,CIN,Home,18.5,15,-125,Loss,-105,Win,18NFL03
Carson Wentz,Completions,PHI,IND,Home,21.5,25,-125,Win,-105,Loss,18NFL03
Case Keenum,Completions,DEN,BAL,Away,22,22,-115,Push,-115,Push,18NFL03
Dak Prescott,Completions,DAL,SEA,Away,18.5,19,-125,Win,-105,Loss,18NFL03
Derek Carr,Completions,OAK,MIA,Away,23.5,27,-125,Win,-105,Loss,18NFL03
Deshaun Watson,Completions,HOU,NYG,Home,21,24,-125,Win,-105,Loss,18NFL03
Drew Brees,Completions,NO,ATL,Away,27,39,-125,Win,-105,Loss,18NFL03
Eli Manning,Completions,NYG,HOU,Away,23.5,25,-135,Win,105,Loss,18NFL03
Jared Goff,Completions,LAR,LAC,Home,21.5,29,-125,Win,-105,Loss,18NFL03
Jimmy Garoppolo,Completions,SF,KC,Away,23.5,20,-125,Loss,-105,Win,18NFL03
Joe Flacco,Completions,BAL,DEN,Home,21.5,25,-125,Win,-105,Loss,18NFL03
Josh Allen,Completions,BUF,MIN,Away,18,15,-125,Loss,-105,Win,18NFL03
Kirk Cousins,Completions,MIN,BUF,Home,21.5,40,-125,Win,-105,Loss,18NFL03
Matt Ryan,Completions,ATL,NO,Home,23,26,-125,Win,-105,Loss,18NFL03
Matthew Stafford,Completions,DET,NE,Home,26,27,-125,Win,-105,Loss,18NFL03
Mitchell Trubisky,Completions,CHI,ARI,Away,20,24,-125,Win,-105,Loss,18NFL03
Patrick Mahomes II,Completions,KC,SF,Home,22,24,-125,Win,-105,Loss,18NFL03
Philip Rivers,Completions,LAC,LAR,Away,23.5,18,-125,Loss,-105,Win,18NFL03
Russell Wilson,Completions,SEA,DAL,Home,21,16,-125,Loss,-105,Win,18NFL03
Ryan Fitzpatrick,Completions,TB,PIT,Home,23,30,-130,Win,100,Loss,18NFL03
Ryan Tannehill,Completions,MIA,OAK,Home,21,17,-125,Loss,-105,Win,18NFL03
Sam Bradford,Completions,ARI,CHI,Home,19.5,13,-125,Loss,-105,Win,18NFL03
Sam Darnold,Completions,NYJ,CLE,Away,21,15,-120,Loss,-110,Win,18NFL03
Tom Brady,Completions,NE,DET,Away,25.5,14,-125,Loss,-105,Win,18NFL03
Tyrod Taylor,Completions,CLE,NYJ,Home,19.5,4,-125,Loss,-105,Win,18NFL03
Alex Smith,Completions,WAS,IND,Home,22,33,-125,Win,-105,Loss,18NFL02
Andrew Luck,Completions,IND,WAS,Away,23.5,21,-125,Loss,-105,Win,18NFL02
Andy Dalton,Completions,CIN,BAL,Home,20.5,24,-125,Win,-105,Loss,18NFL02
Ben Roethlisberger,Completions,PIT,KC,Home,24,39,-125,Win,-105,Loss,18NFL02
Blake Bortles,Completions,JAC,NE,Home,21,29,-125,Win,-105,Loss,18NFL02
Cam Newton,Completions,CAR,ATL,Away,18,32,-125,Win,-105,Loss,18NFL02
Case Keenum,Completions,DEN,OAK,Home,22.5,19,-125,Loss,-105,Win,18NFL02
Dak Prescott,Completions,DAL,NYG,Home,19.5,16,-125,Loss,-105,Win,18NFL02
Derek Carr,Completions,OAK,DEN,Away,21.5,29,-125,Win,-105,Loss,18NFL02
Deshaun Watson,Completions,HOU,TEN,Away,21,22,-115,Win,-115,Loss,18NFL02
Drew Brees,Completions,NO,CLE,Home,25.5,28,-125,Win,-105,Loss,18NFL02
Eli Manning,Completions,NYG,DAL,Away,24,33,-125,Win,-105,Loss,18NFL02
Jared Goff,Completions,LAR,ARI,Home,21.5,24,-115,Win,-115,Loss,18NFL02
Jimmy Garoppolo,Completions,SF,DET,Home,22.5,18,-135,Loss,105,Win,18NFL02
Joe Flacco,Completions,BAL,CIN,Away,22.5,32,-115,Win,-115,Loss,18NFL02
Josh Allen,Completions,BUF,LAC,Home,17.5,18,-125,Win,-105,Loss,18NFL02
Kirk Cousins,Completions,MIN,GB,Away,23,35,-125,Win,-105,Loss,18NFL02
Matt Ryan,Completions,ATL,CAR,Home,22,23,-135,Win,105,Loss,18NFL02
Matthew Stafford,Completions,DET,SF,Away,24,34,-125,Win,-105,Loss,18NFL02
Mitchell Trubisky,Completions,CHI,SEA,Home,20,25,-130,Win,100,Loss,18NFL02
Nick Foles,Completions,PHI,TB,Away,21.5,35,-125,Win,-105,Loss,18NFL02
Patrick Mahomes II,Completions,KC,PIT,Away,21.5,23,-125,Win,-105,Loss,18NFL02
Philip Rivers,Completions,LAC,BUF,Away,23.5,23,-125,Loss,-105,Win,18NFL02
Russell Wilson,Completions,SEA,CHI,Away,21,22,-125,Win,-105,Loss,18NFL02
Ryan Fitzpatrick,Completions,TB,PHI,Home,21.5,27,-125,Win,-105,Loss,18NFL02
Ryan Tannehill,Completions,MIA,NJY,Away,22,17,-125,Loss,-105,Win,18NFL02
Sam Bradford,Completions,ARI,LAR,Away,21.5,17,-125,Loss,-105,Win,18NFL02
Sam Darnold,Completions,NYJ,MIA,Home,20,25,-115,Win,-115,Loss,18NFL02
Tom Brady,Completions,NE,JAC,Away,25.5,24,-125,Loss,-105,Win,18NFL02
Tyrod Taylor,Completions,CLE,NO,Away,20,22,-125,Win,-105,Loss,18NFL02
Aaron Rodgers,Completions,GB,CHI,Home,23.5,20,-125,Loss,-105,Win,18NFL01
Alex Smith,Completions,WAS,ARI,Away,21.5,21,-125,Loss,-105,Win,18NFL01
Andrew Luck,Completions,IND,CIN,Home,23,39,-125,Win,-105,Loss,18NFL01
Andy Dalton,Completions,CIN,IND,Away,21.5,21,-125,Loss,-105,Win,18NFL01
Ben Roethlisberger,Completions,PIT,CLE,Away,23.5,23,-125,Loss,-105,Win,18NFL01
Blake Bortles,Completions,JAC,NYG,Away,20,18,-125,Loss,-105,Win,18NFL01
Cam Newton,Completions,CAR,DAL,Home,19.5,17,-115,Loss,-115,Win,18NFL01
Case Keenum,Completions,DEN,SEA,Home,21.5,25,-125,Win,-105,Loss,18NFL01
Dak Prescott,Completions,DAL,CAR,Away,20,19,-125,Loss,-105,Win,18NFL01
Derek Carr,Completions,OAK,LAR,Home,21.5,29,-115,Win,-115,Loss,18NFL01
Deshaun Watson,Completions,HOU,NE,Away,20.5,17,-135,Loss,105,Win,18NFL01
Drew Brees,Completions,NO,TB,Home,24,37,-125,Win,-105,Loss,18NFL01
Eli Manning,Completions,NYG,JAC,Home,22.5,23,-125,Win,-105,Loss,18NFL01
Jared Goff,Completions,LAR,OAK,Away,21.5,18,-115,Loss,-115,Win,18NFL01
Jimmy Garoppolo,Completions,SF,MIN,Away,21.5,15,-125,Loss,-105,Win,18NFL01
Joe Flacco,Completions,BAL,BUF,Home,22.5,25,-125,Win,-105,Loss,18NFL01
Kirk Cousins,Completions,MIN,SF,Home,22.5,20,-125,Loss,-105,Win,18NFL01
Marcus Mariota,Completions,TEN,MIA,Away,19.5,9,-135,Loss,105,Win,18NFL01
Matt Ryan,Completions,ATL,PHI,Away,22.5,21,-135,Loss,105,Win,18NFL01
Matthew Stafford,Completions,DET,NYJ,Home,23.5,27,-130,Win,100,Loss,18NFL01
Mitchell Trubisky,Completions,CHI,GB,Away,21.5,23,-125,Win,-105,Loss,18NFL01
Nathan Peterman,Completions,BUF,BAL,Away,18,5,-125,Loss,-105,Win,18NFL01
Nick Foles,Completions,PHI,ATL,Home,21,19,-130,Loss,100,Win,18NFL01
Patrick Mahomes II,Completions,KC,LAC,Away,21.5,15,-125,Loss,-105,Win,18NFL01
Philip Rivers,Completions,LAC,KC,Home,23.5,34,-125,Win,-105,Loss,18NFL01
Russell Wilson,Completions,SEA,DEN,Away,19.5,19,-135,Loss,105,Win,18NFL01
Ryan Fitzpatrick,Completions,TB,NO,Away,21.5,21,-125,Loss,-105,Win,18NFL01
Ryan Tannehill,Completions,MIA,TEN,Home,22,20,-115,Loss,-115,Win,18NFL01
Sam Bradford,Completions,ARI,WAS,Home,21.5,20,-125,Loss,-105,Win,18NFL01
Sam Darnold,Completions,NYJ,DET,Away,20,16,-135,Loss,105,Win,18NFL01
Tom Brady,Completions,NE,HOU,Home,25,26,-135,Win,105,Loss,18NFL01
Tyrod Taylor,Completions,CLE,PIT,Home,18,15,-115,Loss,-115,Win,18NFL01
Andy Dalton,Completions,CIN,BAL,Away,19.5,23,-115,Win,-115,Loss,17NFL17
Bryce Petty,Completions,NYJ,NE,Away,16.5,19,110,Win,-140,Loss,17NFL17
Cam Newton,Completions,CAR,ATL,Away,18.5,14,-125,Loss,-105,Win,17NFL17
Case Keenum,Completions,MIN,CHI,Home,20.5,21,-115,Win,-115,Loss,17NFL17
Drew Brees,Completions,NO,TB,Home,24.5,22,-115,Loss,-115,Win,17NFL17
Drew Stanton,Completions,ARI,SEA,Away,19.5,15,-115,Loss,-115,Win,17NFL17
Jameis Winston,Completions,TB,NO,Away,21.5,28,-125,Win,-105,Loss,17NFL17
Jay Cutler,Completions,MIA,BUF,Home,21.5,1,105,Loss,-135,Win,17NFL17
Joe Flacco,Completions,BAL,CIN,Home,22.5,25,-115,Win,-115,Loss,17NFL17
Marcus Mariota,Completions,TEN,JAC,Home,19,12,-115,Loss,-115,Win,17NFL17
Matt Ryan,Completions,ATL,CAR,Home,22,28,-115,Win,-115,Loss,17NFL17
Mitchell Trubisky,Completions,CHI,MIN,Away,17.5,20,-115,Win,-115,Loss,17NFL17
Philip Rivers,Completions,LAC,OAK,Home,22.5,28,-115,Win,-115,Loss,17NFL17
Russell Wilson,Completions,SEA,ARI,Home,22.5,18,-115,Loss,-115,Win,17NFL17
Tom Brady,Completions,NE,NYJ,Home,23.5,18,-130,Loss,100,Win,17NFL17
Tyrod Taylor,Completions,BUF,MIA,Away,18,19,-115,Win,-115,Loss,17NFL17
Alex Smith,Completions,KC,MIA,Home,22.5,25,-115,Win,-115,Loss,17NFL16
Andy Dalton,Completions,CIN,DET,Home,19.5,27,-115,Win,-115,Loss,17NFL16
Ben Roethlisberger,Completions,PIT,HOU,Away,22.5,20,-125,Loss,-105,Win,17NFL16
Blake Bortles,Completions,JAC,SF,Away,20,32,-115,Win,-115,Loss,17NFL16
Brett Hundley,Completions,GB,MIN,Home,18.5,17,-115,Loss,-115,Win,17NFL16
Brock Osweiler,Completions,DEN,WAS,Away,19.5,22,-115,Win,-115,Loss,17NFL16
Bryce Petty,Completions,NYJ,LAC,Home,17.5,15,-115,Loss,-115,Win,17NFL16
Cam Newton,Completions,CAR,TB,Home,20.5,16,-115,Loss,-115,Win,17NFL16
Case Keenum,Completions,MIN,GB,Away,22.5,14,-125,Loss,-105,Win,17NFL16
Dak Prescott,Completions,DAL,SEA,Home,20,21,-115,Win,-115,Loss,17NFL16
Derek Carr,Completions,OAK,PHI,Away,21.5,15,-125,Loss,-105,Win,17NFL16
Drew Brees,Completions,NO,ATL,Home,25,21,-115,Loss,-115,Win,17NFL16
Drew Stanton,Completions,ARI,NYG,Home,20.5,20,-115,Loss,-115,Win,17NFL16
Eli Manning,Completions,NYG,ARI,Away,22.5,27,-115,Win,-115,Loss,17NFL16
Jacoby Brissett,Completions,IND,BAL,Away,18,16,-125,Loss,-105,Win,17NFL16
Jameis Winston,Completions,TB,CAR,Away,23,21,-115,Loss,-115,Win,17NFL16
Jared Goff,Completions,LAR,TEN,Away,21.5,22,-115,Win,-115,Loss,17NFL16
Jay Cutler,Completions,MIA,KC,Away,21.5,19,-130,Loss,100,Win,17NFL16
Jimmy Garoppolo,Completions,SF,JAC,Home,22,21,-105,Loss,-125,Win,17NFL16
Joe Flacco,Completions,BAL,IND,Home,22,29,-115,Win,-115,Loss,17NFL16
Kirk Cousins,Completions,WAS,DEN,Home,20.5,19,-115,Loss,-115,Win,17NFL16
Marcus Mariota,Completions,TEN,LAR,Home,19.5,22,-115,Win,-115,Loss,17NFL16
Matt Ryan,Completions,ATL,NO,Away,21.5,22,-115,Win,-115,Loss,17NFL16
Matthew Stafford,Completions,DET,CIN,Away,23.5,19,-130,Loss,100,Win,17NFL16
Nick Foles,Completions,PHI,OAK,Home,21.5,19,-130,Loss,100,Win,17NFL16
Philip Rivers,Completions,LAC,NYJ,Away,22.5,22,-115,Loss,-115,Win,17NFL16
Russell Wilson,Completions,SEA,DAL,Away,22.5,14,-115,Loss,-115,Win,17NFL16
T.J. Yates,Completions,HOU,PIT,Home,17,7,-115,Loss,-115,Win,17NFL16
Tom Brady,Completions,NE,NE,Away,23.5,21,-130,Loss,100,Win,17NFL16
Tyrod Taylor,Completions,BUF,NE,Away,17.5,21,-115,Win,-115,Loss,17NFL16
Aaron Rodgers,Completions,GB,CAR,Away,23.5,26,-115,Win,-115,Loss,17NFL15
Alex Smith,Completions,KC,LAC,Home,21,23,-125,Win,-105,Loss,17NFL15
Andy Dalton,Completions,CIN,MIN,Away,19.5,11,-115,Loss,-115,Win,17NFL15
Ben Roethlisberger,Completions,PIT,NE,Home,25,22,-125,Loss,-105,Win,17NFL15
Blain Gabbert,Completions,ARI,WAS,Home,21.5,16,-115,Loss,-115,Win,17NFL15
Blake Bortles,Completions,JAC,HOU,Home,18.5,21,-115,Win,-115,Loss,17NFL15
Bryce Petty,Completions,NYJ,NO,Away,16.5,19,-115,Win,-115,Loss,17NFL15
Cam Newton,Completions,CAR,GB,Home,20,20,-115,Push,-115,Push,17NFL15
Case Keenum,Completions,MIN,CIN,Home,22.5,20,-115,Loss,-115,Win,17NFL15
Dak Prescott,Completions,DAL,OAK,Away,20.5,18,-115,Loss,-115,Win,17NFL15
Derek Carr,Completions,OAK,DAL,Home,22.5,21,-105,Loss,-125,Win,17NFL15
DeShone Kizer,Completions,CLE,BAL,Away,17.5,20,-125,Win,-105,Loss,17NFL15
Drew Brees,Completions,NO,NYJ,Home,24.5,26,-115,Win,-115,Loss,17NFL15
Eli Manning,Completions,NYG,PHI,Home,21.5,37,-115,Win,-115,Loss,17NFL15
Jameis Winston,Completions,TB,ATL,Home,23,27,-125,Win,-105,Loss,17NFL15
Jared Goff,Completions,LAR,SEA,Away,21.5,14,-115,Loss,-115,Win,17NFL15
Jay Cutler,Completions,MIA,BUF,Away,21.5,28,-115,Win,-115,Loss,17NFL15
Jimmy Garoppolo,Completions,SF,TEN,Home,23.5,31,-125,Win,-105,Loss,17NFL15
Joe Flacco,Completions,BAL,CLE,Home,22.5,26,-115,Win,-115,Loss,17NFL15
Kirk Cousins,Completions,WAS,ARI,Away,22.5,18,-115,Loss,-115,Win,17NFL15
Marcus Mariota,Completions,TEN,SF,Away,19.5,23,-115,Win,-115,Loss,17NFL15
Matt Ryan,Completions,ATL,TB,Away,23.5,17,-125,Loss,-105,Win,17NFL15
Matthew Stafford,Completions,DET,CHI,Home,24,25,-125,Win,-105,Loss,17NFL15
Mitchell Trubisky,Completions,CHI,DET,Away,17.5,31,-125,Win,-105,Loss,17NFL15
Nick Foles,Completions,PHI,NYG,Away,20.5,24,-115,Win,-115,Loss,17NFL15
Philip Rivers,Completions,LAC,KC,Away,22,20,-125,Loss,-105,Win,17NFL15
Russell Wilson,Completions,SEA,LAR,Home,22.5,14,-115,Loss,-115,Win,17NFL15
Tom Brady,Completions,NE,PIT,Away,25.5,22,-125,Loss,-105,Win,17NFL15
Tyrod Taylor,Completions,BUF,MIA,Home,17.5,17,-115,Loss,-115,Win,17NFL15
Alex Smith,Completions,KC,OAK,Home,22.5,20,-115,Loss,-115,Win,17NFL14
Andy Dalton,Completions,CIN,CHI,Home,20.5,14,-115,Loss,-115,Win,17NFL14
Ben Roethlisberger,Completions,PIT,BAL,Home,22.5,44,-115,Win,-115,Loss,17NFL14
Blain Gabbert,Completions,ARI,TEN,Home,21.5,17,-115,Loss,-115,Win,17NFL14
Blake Bortles,Completions,JAC,SEA,Home,19.5,18,-115,Loss,-115,Win,17NFL14
Brett Hundley,Completions,GB,CLE,Away,19,35,-115,Win,-115,Loss,17NFL14
Cam Newton,Completions,CAR,MIN,Home,19.5,13,-115,Loss,-115,Win,17NFL14
Carson Wentz,Completions,PHI,LAR,Away,20.5,23,-115,Win,-115,Loss,17NFL14
Case Keenum,Completions,MIN,CAR,Away,21.5,27,-115,Win,-115,Loss,17NFL14
Dak Prescott,Completions,DAL,NYG,Away,19.5,20,-115,Win,-115,Loss,17NFL14
Derek Carr,Completions,OAK,KC,Away,22.5,24,-115,Win,-115,Loss,17NFL14
DeShone Kizer,Completions,CLE,GB,Home,18.5,20,-115,Win,-115,Loss,17NFL14
Drew Brees,Completions,NO,ATL,Away,24.5,26,-115,Win,-115,Loss,17NFL14
Eli Manning,Completions,NYG,DAL,Home,21.5,31,-115,Win,-115,Loss,17NFL14
Jacoby Brissett,Completions,IND,BUF,Away,19.5,11,-115,Loss,-115,Win,17NFL14
Jameis Winston,Completions,TB,DET,Home,22.5,26,-115,Win,-115,Loss,17NFL14
Jared Goff,Completions,LAR,PHI,Home,22,16,-115,Loss,-115,Win,17NFL14
Jay Cutler,Completions,MIA,NE,Home,22.5,25,-125,Win,-105,Loss,17NFL14
Jimmy Garoppolo,Completions,SF,HOU,Away,21,20,-125,Loss,-105,Win,17NFL14
Joe Flacco,Completions,BAL,PIT,Away,21.5,20,-115,Loss,-115,Win,17NFL14
Josh McCown,Completions,NYJ,DEN,Away,20.5,6,-115,Loss,-115,Win,17NFL14
Kirk Cousins,Completions,WAS,LAC,Away,23,15,-115,Loss,-115,Win,17NFL14
Marcus Mariota,Completions,TEN,ARI,Away,20.5,16,-115,Loss,-115,Win,17NFL14
Matt Ryan,Completions,ATL,NO,Home,23.5,15,-135,Loss,105,Win,17NFL14
Matthew Stafford,Completions,DET,TB,Away,23.5,36,-115,Win,-115,Loss,17NFL14
Mitchell Trubisky,Completions,CHI,CIN,Away,16.5,25,-115,Win,-115,Loss,17NFL14
Philip Rivers,Completions,LAC,WAS,Home,23,18,-115,Loss,-115,Win,17NFL14
Russell Wilson,Completions,SEA,SEA,Away,21.5,17,-125,Loss,-105,Win,17NFL14
Tom Brady,Completions,NE,MIA,Away,24.5,24,-130,Loss,100,Win,17NFL14
Tom Savage,Completions,HOU,SF,Home,20.5,6,-115,Loss,-115,Win,17NFL14
Trevor Siemian,Completions,DEN,NYJ,Home,20,19,-115,Loss,-115,Win,17NFL14
Alex Smith,Completions,KC,NYJ,Away,22.5,19,-115,Loss,-115,Win,17NFL13
Andy Dalton,Completions,CIN,PIT,Home,20,21,-130,Win,100,Loss,17NFL13
Ben Roethlisberger,Completions,PIT,CIN,Away,22.5,24,-135,Win,105,Loss,17NFL13
Blain Gabbert,Completions,ARI,LAR,Home,21.5,18,-115,Loss,-115,Win,17NFL13
Blake Bortles,Completions,JAC,IND,Home,19.5,26,-115,Win,-115,Loss,17NFL13
Brett Hundley,Completions,GB,TB,Home,21.5,13,-115,Loss,-115,Win,17NFL13
Cam Newton,Completions,CAR,NO,Away,19.5,17,-115,Loss,-115,Win,17NFL13
Carson Wentz,Completions,PHI,SEA,Away,20.5,29,-125,Win,-105,Loss,17NFL13
Case Keenum,Completions,MIN,ATL,Away,21.5,25,-115,Win,-115,Loss,17NFL13
Dak Prescott,Completions,DAL,WAS,Home,20,11,-115,Loss,-115,Win,17NFL13
Derek Carr,Completions,OAK,NYG,Home,21,22,-115,Win,-115,Loss,17NFL13
DeShone Kizer,Completions,CLE,LAC,Away,18.5,15,-115,Loss,-115,Win,17NFL13
Drew Brees,Completions,NO,CAR,Home,23.5,25,-125,Win,-105,Loss,17NFL13
Geno Smith,Completions,NYG,OAK,Away,19,21,-115,Win,-115,Loss,17NFL13
Jacoby Brissett,Completions,IND,JAC,Away,19.5,21,-115,Win,-115,Loss,17NFL13
Jameis Winston,Completions,TB,GB,Away,22.5,21,-115,Loss,-115,Win,17NFL13
Jared Goff,Completions,LAR,ARI,Away,21.5,21,-115,Loss,-115,Win,17NFL13
Jay Cutler,Completions,MIA,DEN,Home,20.5,18,-115,Loss,-115,Win,17NFL13
Jimmy Garoppolo,Completions,SF,CHI,Away,20.5,26,-115,Win,-115,Loss,17NFL13
Joe Flacco,Completions,BAL,DET,Home,21.5,23,-115,Win,-115,Loss,17NFL13
Josh McCown,Completions,NYJ,KC,Home,20.5,26,-115,Win,-115,Loss,17NFL13
Kirk Cousins,Completions,WAS,DAL,Away,23.5,26,-140,Win,110,Loss,17NFL13
Marcus Mariota,Completions,TEN,HOU,Home,20.5,15,-115,Loss,-115,Win,17NFL13
Matt Ryan,Completions,ATL,MIN,Home,22.5,16,-115,Loss,-115,Win,17NFL13
Matthew Stafford,Completions,DET,BAL,Away,22.5,24,-115,Win,-115,Loss,17NFL13
Mitchell Trubisky,Completions,CHI,SF,Home,17.5,12,-115,Loss,-115,Win,17NFL13
Philip Rivers,Completions,LAC,CLE,Home,22.5,31,-115,Win,-115,Loss,17NFL13
Russell Wilson,Completions,SEA,PHI,Home,23,20,-125,Loss,-105,Win,17NFL13
Tom Brady,Completions,NE,BUF,Away,25.5,21,-115,Loss,-115,Win,17NFL13
Tom Savage,Completions,HOU,TEN,Away,19.5,31,-115,Win,-115,Loss,17NFL13
Trevor Siemian,Completions,DEN,MIA,Away,20.5,19,-115,Loss,-115,Win,17NFL13
Tyrod Taylor,Completions,BUF,NE,Home,19.5,9,-115,Loss,-115,Win,17NFL13
Alex Smith,Completions,KC,BUF,Away,22.5,23,-115,Win,-115,Loss,17NFL12
Andy Dalton,Completions,CIN,CLE,Home,21,18,-115,Loss,-115,Win,17NFL12
Ben Roethlisberger,Completions,PIT,GB,Home,23,33,-125,Win,-105,Loss,17NFL12
Blain Gabbert,Completions,ARI,JAC,Home,19,22,-115,Win,-115,Loss,17NFL12
Blake Bortles,Completions,JAC,ARI,Away,19.5,19,-115,Loss,-115,Win,17NFL12
Brett Hundley,Completions,GB,PIT,Away,19.5,17,-125,Loss,-105,Win,17NFL12
C.J. Beathard,Completions,SF,SEA,Home,19.5,22,-115,Win,-115,Loss,17NFL12
Cam Newton,Completions,CAR,NYJ,Away,20.5,11,-115,Loss,-115,Win,17NFL12
Carson Wentz,Completions,PHI,CHI,Home,19.5,23,-130,Win,100,Loss,17NFL12
Case Keenum,Completions,MIN,DET,Away,22.5,21,-125,Loss,-105,Win,17NFL12
Dak Prescott,Completions,DAL,LAC,Home,19.5,20,-125,Win,-105,Loss,17NFL12
Derek Carr,Completions,OAK,DEN,Home,21.5,18,-125,Loss,-105,Win,17NFL12
DeShone Kizer,Completions,CLE,CIN,Away,16.5,18,-115,Win,-115,Loss,17NFL12
Drew Brees,Completions,NO,LAR,Away,24.5,22,-125,Loss,-105,Win,17NFL12
Eli Manning,Completions,NYG,WAS,Away,22.5,13,-125,Loss,-105,Win,17NFL12
Jacoby Brissett,Completions,IND,TEN,Home,20.5,17,-115,Loss,-115,Win,17NFL12
Jared Goff,Completions,LAR,NO,Home,20.5,28,-115,Win,-115,Loss,17NFL12
Joe Flacco,Completions,BAL,HOU,Home,20.5,20,-125,Loss,-105,Win,17NFL12
Josh McCown,Completions,NYJ,CAR,Home,20.5,19,-115,Loss,-115,Win,17NFL12
Kirk Cousins,Completions,WAS,NYG,Home,23.5,19,-125,Loss,-105,Win,17NFL12
Marcus Mariota,Completions,TEN,IND,Away,21,17,-115,Loss,-115,Win,17NFL12
Matt Moore,Completions,MIA,NE,Away,20.5,23,-115,Win,-115,Loss,17NFL12
Matt Ryan,Completions,ATL,TB,Home,22.5,26,-115,Win,-115,Loss,17NFL12
Matthew Stafford,Completions,DET,MIN,Home,22.5,20,-135,Loss,105,Win,17NFL12
Mitchell Trubisky,Completions,CHI,PHI,Away,17.5,17,-115,Loss,-115,Win,17NFL12
Paxton Lynch,Completions,DEN,OAK,Away,19.5,9,-115,Loss,-115,Win,17NFL12
Philip Rivers,Completions,LAC,DAL,Away,22.5,27,-125,Win,-105,Loss,17NFL12
Russell Wilson,Completions,SEA,SF,Away,22,20,-115,Loss,-115,Win,17NFL12
Ryan Fitzpatrick,Completions,TB,ATL,Away,21.5,27,-115,Win,-115,Loss,17NFL12
Tom Brady,Completions,NE,MIA,Home,25.5,18,-115,Loss,-115,Win,17NFL12
Tom Savage,Completions,HOU,BAL,Away,17.5,22,-115,Win,-115,Loss,17NFL12
Tyrod Taylor,Completions,BUF,KC,Home,17.5,19,-130,Win,100,Loss,17NFL12
Alex Smith,Completions,KC,NYG,Away,22.5,27,-125,Win,-105,Loss,17NFL11
Andy Dalton,Completions,CIN,DEN,Away,21,15,-105,Loss,-125,Win,17NFL11
Ben Roethlisberger,Completions,PIT,TEN,Home,21.5,30,-125,Win,-105,Loss,17NFL11
Blain Gabbert,Completions,ARI,HOU,Away,19.5,22,-115,Win,-115,Loss,17NFL11
Blake Bortles,Completions,JAC,CLE,Away,21.5,17,-105,Loss,-125,Win,17NFL11
Brett Hundley,Completions,GB,BAL,Home,18,21,-115,Win,-115,Loss,17NFL11
Brock Osweiler,Completions,DEN,CIN,Home,20,23,-115,Win,-115,Loss,17NFL11
Carson Wentz,Completions,PHI,DAL,Away,20.5,14,-115,Loss,-115,Win,17NFL11
Case Keenum,Completions,MIN,LAR,Home,20.5,27,-115,Win,-115,Loss,17NFL11
Dak Prescott,Completions,DAL,PHI,Home,20.5,18,-115,Loss,-115,Win,17NFL11
Derek Carr,Completions,OAK,NE,Home,23,28,-115,Win,-115,Loss,17NFL11
DeShone Kizer,Completions,CLE,JAC,Away,17.5,16,-115,Loss,-115,Win,17NFL11
Drew Brees,Completions,NO,WAS,Home,25,29,-125,Win,-105,Loss,17NFL11
Eli Manning,Completions,NYG,KC,Home,22.5,19,-115,Loss,-115,Win,17NFL11
Jared Goff,Completions,LAR,MIN,Away,20.5,23,-115,Win,-115,Loss,17NFL11
Jay Cutler,Completions,MIA,TB,Home,22.5,6,-115,Loss,-115,Win,17NFL11
Joe Flacco,Completions,BAL,GB,Away,22.5,22,-115,Loss,-115,Win,17NFL11
Kirk Cousins,Completions,WAS,NO,Away,23.5,22,-115,Loss,-115,Win,17NFL11
Marcus Mariota,Completions,TEN,PIT,Away,20,22,-125,Win,-105,Loss,17NFL11
Matt Ryan,Completions,ATL,SEA,Away,23.5,19,-125,Loss,-105,Win,17NFL11
Matthew Stafford,Completions,DET,CHI,Away,23.5,21,-115,Loss,-115,Win,17NFL11
Mitchell Trubisky,Completions,CHI,DET,Home,17.5,18,-115,Win,-115,Loss,17NFL11
Nathan Peterman,Completions,BUF,LAC,Away,18.5,6,-115,Loss,-115,Win,17NFL11
Philip Rivers,Completions,LAC,BUF,Home,21.5,20,-115,Loss,-115,Win,17NFL11
Russell Wilson,Completions,SEA,ATL,Home,23.5,26,-125,Win,-105,Loss,17NFL11
Ryan Fitzpatrick,Completions,TB,MIA,Away,21.5,22,-115,Win,-115,Loss,17NFL11
Tom Brady,Completions,NE,OAK,Away,26.5,30,-115,Win,-115,Loss,17NFL11
Tom Savage,Completions,HOU,ARI,Home,18.5,22,-115,Win,-115,Loss,17NFL11
Andy Dalton,Completions,CIN,TEN,Away,20.5,20,-115,Loss,-115,Win,17NFL10
Ben Roethlisberger,Completions,PIT,IND,Away,22.5,19,-115,Loss,-115,Win,17NFL10
Blake Bortles,Completions,JAC,LAC,Home,19.5,28,-115,Win,-115,Loss,17NFL10
Brett Hundley,Completions,GB,CHI,Away,19.5,18,-115,Loss,-115,Win,17NFL10
Brock Osweiler,Completions,DEN,NE,Home,21.5,18,-115,Loss,-115,Win,17NFL10
C.J. Beathard,Completions,SF,NYG,Home,19,19,-115,Push,-115,Push,17NFL10
Cam Newton,Completions,CAR,MIA,Home,20.5,21,-125,Win,-105,Loss,17NFL10
Case Keenum,Completions,MIN,WAS,Away,21.5,21,-115,Loss,-115,Win,17NFL10
Dak Prescott,Completions,DAL,ATL,Away,20.5,20,-115,Loss,-115,Win,17NFL10
DeShone Kizer,Completions,CLE,DET,Away,17.5,21,-115,Win,-115,Loss,17NFL10
Drew Brees,Completions,NO,BUF,Away,25.5,18,-115,Loss,-115,Win,17NFL10
Drew Stanton,Completions,ARI,SEA,Home,18.5,24,-115,Win,-115,Loss,17NFL10
Eli Manning,Completions,NYG,SF,Away,22,28,-115,Win,-115,Loss,17NFL10
Jacoby Brissett,Completions,IND,PIT,Home,19.5,14,-115,Loss,-115,Win,17NFL10
Jared Goff,Completions,LAR,HOU,Home,20.5,25,-115,Win,-115,Loss,17NFL10
Jay Cutler,Completions,MIA,CAR,Away,21,22,-125,Win,-105,Loss,17NFL10
Josh McCown,Completions,NYJ,TB,Away,21.5,23,-130,Win,100,Loss,17NFL10
Kirk Cousins,Completions,WAS,MIN,Home,21.5,26,-130,Win,100,Loss,17NFL10
Marcus Mariota,Completions,TEN,CIN,Home,19.5,25,-115,Win,-115,Loss,17NFL10
Matt Ryan,Completions,ATL,DAL,Home,23.5,22,-115,Loss,-115,Win,17NFL10
Matthew Stafford,Completions,DET,CLE,Home,24.5,17,-115,Loss,-115,Win,17NFL10
Mitchell Trubisky,Completions,CHI,GB,Home,16.5,21,-105,Win,-125,Loss,17NFL10
Philip Rivers,Completions,LAC,JAC,Away,21.5,21,-115,Loss,-115,Win,17NFL10
Russell Wilson,Completions,SEA,ARI,Away,23.5,22,-115,Loss,-115,Win,17NFL10
Ryan Fitzpatrick,Completions,TB,NYJ,Home,20.5,17,-130,Loss,100,Win,17NFL10
Tom Brady,Completions,NE,DEN,Away,24.5,25,-115,Win,-115,Loss,17NFL10
Tom Savage,Completions,HOU,LAR,Away,18,18,100,Push,-130,Push,17NFL10
Tyrod Taylor,Completions,BUF,NO,Home,19.5,9,-115,Loss,-115,Win,17NFL10
Alex Smith,Completions,KC,DAL,Away,22,25,-115,Win,-115,Loss,17NFL09
Andy Dalton,Completions,CIN,JAC,Away,19.5,10,-115,Loss,-115,Win,17NFL09
Blake Bortles,Completions,JAC,CIN,Home,18.5,24,-115,Win,-115,Loss,17NFL09
Brett Hundley,Completions,GB,DET,Home,18,26,-125,Win,-105,Loss,17NFL09
Brock Osweiler,Completions,DEN,PHI,Away,20.5,19,-115,Loss,-115,Win,17NFL09
C.J. Beathard,Completions,SF,ARI,Home,19.5,24,-125,Win,-105,Loss,17NFL09
Cam Newton,Completions,CAR,ATL,Home,20.5,13,-105,Loss,-125,Win,17NFL09
Carson Wentz,Completions,PHI,DEN,Home,19.5,15,-115,Loss,-115,Win,17NFL09
Dak Prescott,Completions,DAL,KC,Home,20,21,-115,Win,-115,Loss,17NFL09
Derek Carr,Completions,OAK,MIA,Away,23.5,21,-115,Loss,-115,Win,17NFL09
Drew Brees,Completions,NO,TB,Home,26.5,22,-115,Loss,-115,Win,17NFL09
Drew Stanton,Completions,ARI,SF,Away,19.5,15,-115,Loss,-115,Win,17NFL09
Eli Manning,Completions,NYG,LAR,Home,21.5,20,100,Loss,-130,Win,17NFL09
Jacoby Brissett,Completions,IND,HOU,Away,19.5,20,-115,Win,-115,Loss,17NFL09
Jameis Winston,Completions,TB,NO,Away,23.5,7,-115,Loss,-115,Win,17NFL09
Jared Goff,Completions,LAR,NYG,Away,20.5,14,-105,Loss,-125,Win,17NFL09
Jay Cutler,Completions,MIA,OAK,Home,20,34,-115,Win,-115,Loss,17NFL09
Joe Flacco,Completions,BAL,TEN,Away,21.5,34,100,Win,-130,Loss,17NFL09
Josh McCown,Completions,NYJ,BUF,Home,20.5,14,-115,Loss,-115,Win,17NFL09
Kirk Cousins,Completions,WAS,SEA,Away,23,21,-115,Loss,-115,Win,17NFL09
Marcus Mariota,Completions,TEN,BAL,Home,19.5,19,-105,Loss,-125,Win,17NFL09
Matt Ryan,Completions,ATL,CAR,Away,22.5,24,-115,Win,-115,Loss,17NFL09
Matthew Stafford,Completions,DET,GB,Away,24.5,26,-115,Win,-115,Loss,17NFL09
Russell Wilson,Completions,SEA,WAS,Home,22.5,24,-115,Win,-115,Loss,17NFL09
Tom Savage,Completions,HOU,IND,Home,18.5,19,-115,Win,-115,Loss,17NFL09
Tyrod Taylor,Completions,BUF,NYJ,Away,18.5,29,-115,Win,-115,Loss,17NFL09
Alex Smith,Completions,KC,DEN,Home,21,14,-125,Loss,-105,Win,17NFL08
Andy Dalton,Completions,CIN,IND,Home,21.5,17,-115,Loss,-115,Win,17NFL08
Ben Roethlisberger,Completions,PIT,DET,Away,22.5,17,-115,Loss,-115,Win,17NFL08
C.J. Beathard,Completions,SF,PHI,Away,21.5,17,-115,Loss,-115,Win,17NFL08
Cam Newton,Completions,CAR,TB,Away,22.5,18,-115,Loss,-115,Win,17NFL08
Carson Wentz,Completions,PHI,SF,Home,21,18,100,Loss,-130,Win,17NFL08
Case Keenum,Completions,MIN,CLE,Away,20.5,27,-115,Win,-115,Loss,17NFL08
Dak Prescott,Completions,DAL,WAS,Away,21.5,14,-115,Loss,-115,Win,17NFL08
Derek Carr,Completions,OAK,BUF,Away,21.5,31,-115,Win,-115,Loss,17NFL08
Deshaun Watson,Completions,HOU,SEA,Away,19,19,-115,Push,-115,Push,17NFL08
DeShone Kizer,Completions,CLE,MIN,Home,17.5,18,-115,Win,-115,Loss,17NFL08
Drew Brees,Completions,NO,CHI,Home,25.5,23,-115,Loss,-115,Win,17NFL08
Jacoby Brissett,Completions,IND,CIN,Away,19.5,25,-115,Win,-115,Loss,17NFL08
Jameis Winston,Completions,TB,CAR,Home,23.5,21,-115,Loss,-115,Win,17NFL08
Joe Flacco,Completions,BAL,MIA,Home,21.5,10,-115,Loss,-115,Win,17NFL08
Josh McCown,Completions,NYJ,ATL,Home,21.5,26,-115,Win,-115,Loss,17NFL08
Kirk Cousins,Completions,WAS,DAL,Home,24,26,-115,Win,-115,Loss,17NFL08
Matt Moore,Completions,MIA,BAL,Away,20,25,-115,Win,-115,Loss,17NFL08
Matt Ryan,Completions,ATL,NYJ,Away,23.5,18,-115,Loss,-115,Win,17NFL08
Matthew Stafford,Completions,DET,PIT,Home,22.5,27,-115,Win,-115,Loss,17NFL08
Mitchell Trubisky,Completions,CHI,NO,Away,15.5,14,-115,Loss,-115,Win,17NFL08
Philip Rivers,Completions,LAC,NE,Away,22.5,17,-115,Loss,-115,Win,17NFL08
Russell Wilson,Completions,SEA,HOU,Home,21.5,26,-115,Win,-115,Loss,17NFL08
Tom Brady,Completions,NE,LAC,Home,24.5,32,-115,Win,-115,Loss,17NFL08
Trevor Siemian,Completions,DEN,KC,Away,20.5,19,-135,Loss,105,Win,17NFL08
Tyrod Taylor,Completions,BUF,OAK,Home,17.5,20,-130,Win,100,Loss,17NFL08
Alex Smith,Completions,KC,OAK,Away,22.5,25,-125,Win,-105,Loss,17NFL07
Andy Dalton,Completions,CIN,PIT,Away,21.5,17,-115,Loss,-115,Win,17NFL07
Ben Roethlisberger,Completions,PIT,CIN,Home,21.5,14,-125,Loss,-105,Win,17NFL07
Blake Bortles,Completions,JAC,IND,Away,19.5,18,-115,Loss,-115,Win,17NFL07
Brett Hundley,Completions,GB,NO,Home,20.5,12,-115,Loss,-115,Win,17NFL07
C.J. Beathard,Completions,SF,DAL,Home,20.5,22,-115,Win,-115,Loss,17NFL07
Cam Newton,Completions,CAR,CHI,Away,20.5,21,-115,Win,-115,Loss,17NFL07
Carson Palmer,Completions,ARI,LAR,Away,23,10,-115,Loss,-115,Win,17NFL07
Carson Wentz,Completions,PHI,WAS,Home,22.5,17,-115,Loss,-115,Win,17NFL07
Case Keenum,Completions,MIN,BAL,Home,20.5,20,-115,Loss,-115,Win,17NFL07
Dak Prescott,Completions,DAL,SF,Away,20.5,16,-115,Loss,-115,Win,17NFL07
Derek Carr,Completions,OAK,KC,Home,20.5,29,-130,Win,100,Loss,17NFL07
DeShone Kizer,Completions,CLE,TEN,Home,19.5,12,-115,Loss,-115,Win,17NFL07
Drew Brees,Completions,NO,GB,Away,26.5,27,-115,Win,-115,Loss,17NFL07
Eli Manning,Completions,NYG,SEA,Home,22,19,-115,Loss,-115,Win,17NFL07
Jacoby Brissett,Completions,IND,JAC,Home,19.5,22,100,Win,-130,Loss,17NFL07
Jameis Winston,Completions,TB,BUF,Away,22.5,32,-115,Win,-115,Loss,17NFL07
Jared Goff,Completions,LAR,ARI,Home,21.5,22,-115,Win,-115,Loss,17NFL07
Jay Cutler,Completions,MIA,NYJ,Home,19.5,12,-115,Loss,-115,Win,17NFL07
Joe Flacco,Completions,BAL,MIN,Away,20.5,27,-115,Win,-115,Loss,17NFL07
Josh McCown,Completions,NYJ,MIA,Away,21.5,17,-115,Loss,-115,Win,17NFL07
Kirk Cousins,Completions,WAS,PHI,Away,23.5,30,-125,Win,-105,Loss,17NFL07
Marcus Mariota,Completions,TEN,CLE,Away,20.5,21,-125,Win,-105,Loss,17NFL07
Matt Ryan,Completions,ATL,NE,Away,24.5,23,-115,Loss,-115,Win,17NFL07
Mitchell Trubisky,Completions,CHI,CAR,Home,17.5,4,-115,Loss,-115,Win,17NFL07
Philip Rivers,Completions,LAC,DEN,Home,22,15,-115,Loss,-115,Win,17NFL07
Russell Wilson,Completions,SEA,NYG,Away,22,27,-115,Win,-115,Loss,17NFL07
Tom Brady,Completions,NE,ATL,Home,25.5,21,-115,Loss,-115,Win,17NFL07
Trevor Siemian,Completions,DEN,LAC,Away,20.5,25,-115,Win,-115,Loss,17NFL07
Tyrod Taylor,Completions,BUF,TB,Home,19.5,20,-115,Win,-115,Loss,17NFL07
Aaron Rodgers,Completions,GB,MIN,Away,25.5,2,-115,Loss,-115,Win,17NFL06
Alex Smith,Completions,KC,PIT,Home,22.5,19,-125,Loss,-105,Win,17NFL06
Ben Roethlisberger,Completions,PIT,KC,Away,22,17,-115,Loss,-115,Win,17NFL06
Blake Bortles,Completions,JAC,LAR,Home,18.5,23,-115,Win,-115,Loss,17NFL06
Brian Hoyer,Completions,SF,WAS,Away,20.5,4,-115,Loss,-115,Win,17NFL06
Cam Newton,Completions,CAR,PHI,Home,21,28,-115,Win,-115,Loss,17NFL06
Carson Palmer,Completions,ARI,TB,Home,24.5,18,-115,Loss,-115,Win,17NFL06
Carson Wentz,Completions,PHI,CAR,Away,22.5,16,-130,Loss,100,Win,17NFL06
Derek Carr,Completions,OAK,LAC,Home,22,21,-105,Loss,-125,Win,17NFL06
Deshaun Watson,Completions,HOU,CLE,Home,21,17,-115,Loss,-115,Win,17NFL06
Drew Brees,Completions,NO,DET,Home,26.5,21,-115,Loss,-115,Win,17NFL06
Eli Manning,Completions,NYG,DEN,Away,21.5,11,-125,Loss,-105,Win,17NFL06
Jacoby Brissett,Completions,IND,TEN,Away,20,21,-125,Win,-105,Loss,17NFL06
Jameis Winston,Completions,TB,ARI,Away,22.5,5,-125,Loss,-105,Win,17NFL06
Jared Goff,Completions,LAR,JAC,Away,21,11,-115,Loss,-115,Win,17NFL06
Jay Cutler,Completions,MIA,ATL,Away,19.5,19,-115,Loss,-115,Win,17NFL06
Joe Flacco,Completions,BAL,CHI,Home,21,24,-125,Win,-105,Loss,17NFL06
Josh McCown,Completions,NYJ,NE,Home,20.5,31,-115,Win,-115,Loss,17NFL06
Kirk Cousins,Completions,WAS,SF,Home,23.5,25,-115,Win,-115,Loss,17NFL06
Marcus Mariota,Completions,TEN,IND,Home,20.5,23,-125,Win,-105,Loss,17NFL06
Matt Ryan,Completions,ATL,MIA,Home,23.5,24,-105,Win,-125,Loss,17NFL06
Matthew Stafford,Completions,DET,NO,Away,24.5,25,-115,Win,-115,Loss,17NFL06
Mitchell Trubisky,Completions,CHI,BAL,Away,19,8,-105,Loss,-125,Win,17NFL06
Philip Rivers,Completions,LAC,Oak,Away,22,25,-115,Win,-115,Loss,17NFL06
Tom Brady,Completions,NE,NYJ,Away,25,20,-125,Loss,-105,Win,17NFL06
Trevor Siemian,Completions,DEN,NYG,Home,20.5,29,-115,Win,-115,Loss,17NFL06
Aaron Rodgers,Completions,GB,DAL,Away,27,19,-115,Loss,-115,Win,17NFL05
Alex Smith,Completions,KC,HOU,Away,21.5,29,-125,Win,-105,Loss,17NFL05
Andy Dalton,Completions,CIN,BUF,Home,20.5,22,-115,Win,-115,Loss,17NFL05
Ben Roethlisberger,Completions,PIT,JAC,Home,22.5,33,-105,Win,-125,Loss,17NFL05
Blake Bortles,Completions,JAC,PIT,Away,19.5,8,-115,Loss,-115,Win,17NFL05
Brian Hoyer,Completions,SF,IND,Away,21.5,29,-115,Win,-115,Loss,17NFL05
Cam Newton,Completions,CAR,DET,Away,20,26,-115,Win,-115,Loss,17NFL05
Carson Palmer,Completions,ARI,PHI,Away,24.5,28,-130,Win,100,Loss,17NFL05
Carson Wentz,Completions,PHI,ARI,Home,22.5,21,-115,Loss,-115,Win,17NFL05
Dak Prescott,Completions,DAL,GB,Home,22,25,-115,Win,-115,Loss,17NFL05
Deshaun Watson,Completions,HOU,KC,Home,20.5,16,-125,Loss,-105,Win,17NFL05
DeShone Kizer,Completions,CLE,NYJ,Home,19.5,8,-115,Loss,-115,Win,17NFL05
EJ Manuel,Completions,OAK,BAL,Home,19.5,13,-115,Loss,-115,Win,17NFL05
Eli Manning,Completions,NYG,LAC,Home,25.5,21,-115,Loss,-115,Win,17NFL05
Jacoby Brissett,Completions,IND,SF,Home,18.5,22,-115,Win,-115,Loss,17NFL05
Jameis Winston,Completions,TB,NE,Home,23.5,26,-125,Win,-105,Loss,17NFL05
Jared Goff,Completions,LAR,SEA,Home,21,22,-115,Win,-115,Loss,17NFL05
Jay Cutler,Completions,MIA,TEN,Home,21.5,12,-115,Loss,-115,Win,17NFL05
Joe Flacco,Completions,BAL,OAK,Away,21.5,19,-125,Loss,-105,Win,17NFL05
Josh McCown,Completions,NYJ,CLE,Away,20.5,23,-115,Win,-115,Loss,17NFL05
Matthew Stafford,Completions,DET,CAR,Home,23.5,23,-115,Loss,-115,Win,17NFL05
Mitchell Trubisky,Completions,CHI,MIN,Home,19.5,12,-125,Loss,-105,Win,17NFL05
Philip Rivers,Completions,LAC,NYG,Away,22.5,21,-115,Loss,-115,Win,17NFL05
Russell Wilson,Completions,SEA,LAR,Away,23,24,-105,Win,-125,Loss,17NFL05
Sam Bradford,Completions,MIN,CHI,Away,23.5,5,-125,Loss,-105,Win,17NFL05
Tom Brady,Completions,NE,TB,Away,26,30,-135,Win,105,Loss,17NFL05
Tyrod Taylor,Completions,BUF,CIN,Away,17,20,-115,Win,-115,Loss,17NFL05
Aaron Rodgers,Completions,GB,CHI,Home,26,18,-110,Loss,-120,Win,17NFL04
Alex Smith,Completions,KC,WAS,Home,21.5,27,-130,Win,100,Loss,17NFL04
Andy Dalton,Completions,CIN,CLE,Away,21.5,25,-115,Win,-115,Loss,17NFL04
Ben Roethlisberger,Completions,PIT,BAL,Away,23.5,18,-115,Loss,-115,Win,17NFL04
Blake Bortles,Completions,JAC,NYJ,Away,20.5,15,-115,Loss,-115,Win,17NFL04
Brian Hoyer,Completions,SF,ARI,Away,20,24,-115,Win,-115,Loss,17NFL04
Cam Newton,Completions,CAR,NE,Away,20.5,22,-115,Win,-115,Loss,17NFL04
Carson Palmer,Completions,ARI,SF,Home,23.5,33,-115,Win,-115,Loss,17NFL04
Carson Wentz,Completions,PHI,LAC,Away,23.5,17,-115,Loss,-115,Win,17NFL04
Case Keenum,Completions,MIN,DET,Home,19.5,16,-130,Loss,100,Win,17NFL04
Dak Prescott,Completions,DAL,LAR,Home,20.5,20,-115,Loss,-115,Win,17NFL04
Derek Carr,Completions,OAK,DEN,Away,21.5,10,100,Loss,-130,Win,17NFL04
Deshaun Watson,Completions,HOU,TEN,Home,20.5,25,-105,Win,-125,Loss,17NFL04
DeShone Kizer,Completions,CLE,CIN,Home,20.5,16,-115,Loss,-115,Win,17NFL04
Drew Brees,Completions,NO,MIA,Away,27.5,29,-115,Win,-115,Loss,17NFL04
Eli Manning,Completions,NYG,TB,Away,23.5,30,-115,Win,-115,Loss,17NFL04
Jacoby Brissett,Completions,IND,SEA,Away,19.5,16,-115,Loss,-115,Win,17NFL04
Jameis Winston,Completions,TB,NYG,Home,21.5,22,-125,Win,-105,Loss,17NFL04
Jared Goff,Completions,LAR,DAL,Away,21,21,-115,Push,-115,Push,17NFL04
Jay Cutler,Completions,MIA,NO,Home,23.5,20,-115,Loss,-115,Win,17NFL04
Joe Flacco,Completions,BAL,PIT,Home,22.5,31,-115,Win,-115,Loss,17NFL04
Josh McCown,Completions,NYJ,JAC,Home,18.5,22,-115,Win,-115,Loss,17NFL04
Kirk Cousins,Completions,WAS,KC,Away,24,14,-115,Loss,-115,Win,17NFL04
Marcus Mariota,Completions,TEN,HOU,Away,19.5,6,-115,Loss,-115,Win,17NFL04
Matt Ryan,Completions,ATL,BUF,Home,22.5,24,-115,Win,-115,Loss,17NFL04
Matthew Stafford,Completions,DET,MIN,Away,23.5,19,-115,Loss,-115,Win,17NFL04
Mike Glennon,Completions,CHI,GB,Away,20.5,21,-115,Win,-115,Loss,17NFL04
Philip Rivers,Completions,LAC,PHI,Home,22.5,22,-115,Loss,-115,Win,17NFL04
Russell Wilson,Completions,SEA,IND,Home,22.5,21,-130,Loss,100,Win,17NFL04
Tom Brady,Completions,NE,CAR,Home,25,32,-115,Win,-115,Loss,17NFL04
Trevor Siemian,Completions,DEN,OAK,Home,21.5,16,-115,Loss,-115,Win,17NFL04
Tyrod Taylor,Completions,BUF,ATL,Away,18.5,12,-115,Loss,-115,Win,17NFL04
Aaron Rodgers,Completions,GB,CIN,Home,25,28,-115,Win,-115,Loss,17NFL03
Alex Smith,Completions,KC,LAC,Away,22.5,16,-115,Loss,-115,Win,17NFL03
Andy Dalton,Completions,CIN,GB,Away,22.5,21,-125,Loss,-105,Win,17NFL03
Ben Roethlisberger,Completions,PIT,CHI,Away,23.5,22,-115,Loss,-115,Win,17NFL03
Blake Bortles,Completions,JAC,BAL,Home,20.5,20,-105,Loss,-125,Win,17NFL03
Brian Hoyer,Completions,SF,LAR,Home,20.5,23,110,Win,-140,Loss,17NFL03
Cam Newton,Completions,CAR,NO,Home,20.5,17,-115,Loss,-115,Win,17NFL03
Carson Palmer,Completions,ARI,DAL,Home,24,29,-125,Win,-105,Loss,17NFL03
Carson Wentz,Completions,PHI,NYG,Home,23.5,21,-115,Loss,-115,Win,17NFL03
Dak Prescott,Completions,DAL,ARI,Away,22,13,-125,Loss,-105,Win,17NFL03
Derek Carr,Completions,OAK,WAS,Away,23.5,19,-130,Loss,100,Win,17NFL03
Deshaun Watson,Completions,HOU,NE,Away,18.5,22,-115,Win,-115,Loss,17NFL03
DeShone Kizer,Completions,CLE,IND,Away,20.5,22,-115,Win,-115,Loss,17NFL03
Drew Brees,Completions,NO,CAR,Away,26.5,22,-115,Loss,-115,Win,17NFL03
Eli Manning,Completions,NYG,PHI,Away,23,35,-110,Win,-120,Loss,17NFL03
Jacoby Brissett,Completions,IND,CLE,Home,19.5,17,-115,Loss,-115,Win,17NFL03
Jameis Winston,Completions,TB,MIN,Away,22.5,28,-115,Win,-115,Loss,17NFL03
Jared Goff,Completions,LAR,SF,Away,20,22,-115,Win,-115,Loss,17NFL03
Jay Cutler,Completions,MIA,NYJ,Home,21.5,26,-125,Win,-105,Loss,17NFL03
Joe Flacco,Completions,BAL,JAC,Away,22.5,8,-115,Loss,-115,Win,17NFL03
Josh McCown,Completions,NYJ,MIA,Home,20,18,-115,Loss,-115,Win,17NFL03
Kirk Cousins,Completions,WAS,OAK,Home,23.5,25,-115,Win,-115,Loss,17NFL03
Marcus Mariota,Completions,TEN,SEA,Home,19.5,20,-125,Win,-105,Loss,17NFL03
Matt Ryan,Completions,ATL,DET,Away,23.5,24,-130,Win,100,Loss,17NFL03
Matthew Stafford,Completions,DET,ATL,Home,23.5,25,-135,Win,105,Loss,17NFL03
Mike Glennon,Completions,CHI,PIT,Home,22,15,-115,Loss,-115,Win,17NFL03
Philip Rivers,Completions,LAC,KC,Home,23.5,20,-115,Loss,-115,Win,17NFL03
Russell Wilson,Completions,SEA,TEN,Away,22,29,-115,Win,-115,Loss,17NFL03
Tom Brady,Completions,NE,HOU,Home,23,25,-125,Win,-105,Loss,17NFL03
Trevor Siemian,Completions,DEN,BUF,Away,20.5,24,-115,Win,-115,Loss,17NFL03
Tyrod Taylor,Completions,BUF,DEN,Home,17,20,-115,Win,-115,Loss,17NFL03
Aaron Rodgers,Completions,GB,ATL,Away,25.5,33,-135,Win,105,Loss,17NFL02
Alex Smith,Completions,KC,PHI,Home,21.5,21,-130,Loss,100,Win,17NFL02
Andy Dalton,Completions,CIN,HOU,Home,21,20,-125,Loss,-105,Win,17NFL02
Ben Roethlisberger,Completions,PIT,MIN,Home,23.5,23,-105,Loss,-125,Win,17NFL02
Blake Bortles,Completions,JAC,TEN,Home,21.5,20,-115,Loss,-115,Win,17NFL02
Brian Hoyer,Completions,SF,SEA,Away,17.5,15,-125,Loss,-105,Win,17NFL02
Cam Newton,Completions,CAR,BUF,Home,18.5,20,-130,Win,100,Loss,17NFL02
Carson Palmer,Completions,ARI,IND,Away,24.5,19,-115,Loss,-115,Win,17NFL02
Carson Wentz,Completions,PHI,KC,Away,23.5,25,100,Win,-130,Loss,17NFL02
Dak Prescott,Completions,DAL,DEN,Away,19.5,30,-115,Win,-115,Loss,17NFL02
Derek Carr,Completions,OAK,NYJ,Home,23.5,23,-105,Loss,-125,Win,17NFL02
Deshaun Watson,Completions,HOU,CIN,Away,18.5,15,-125,Loss,-105,Win,17NFL02
DeShone Kizer,Completions,CLE,BAL,Away,20.5,15,-115,Loss,-115,Win,17NFL02
Drew Brees,Completions,NO,NE,Home,27.5,27,-125,Loss,-105,Win,17NFL02
Eli Manning,Completions,NYG,DET,Home,23.5,22,-135,Loss,105,Win,17NFL02
Jameis Winston,Completions,TB,CHI,Home,22.5,18,-115,Loss,-115,Win,17NFL02
Jared Goff,Completions,LAR,WAS,Home,20.5,15,-115,Loss,-115,Win,17NFL02
Jay Cutler,Completions,MIA,LAC,Away,20.5,24,-115,Win,-115,Loss,17NFL02
Joe Flacco,Completions,BAL,CLE,Home,24.5,25,-115,Win,-115,Loss,17NFL02
Josh McCown,Completions,NYJ,OAK,Away,20.5,17,-115,Loss,-115,Win,17NFL02
Kirk Cousins,Completions,WAS,LAR,Away,23.5,18,-115,Loss,-115,Win,17NFL02
Marcus Mariota,Completions,TEN,JAC,Away,21.5,15,-105,Loss,-125,Win,17NFL02
Matt Ryan,Completions,ATL,GB,Home,24.5,19,-125,Loss,-105,Win,17NFL02
Matthew Stafford,Completions,DET,NYG,Away,23.5,15,-135,Loss,105,Win,17NFL02
Mike Glennon,Completions,CHI,TB,Away,21,31,-115,Win,-115,Loss,17NFL02
Philip Rivers,Completions,LAC,MIA,Home,22.5,31,-115,Win,-115,Loss,17NFL02
Russell Wilson,Completions,SEA,SF,Home,22.5,23,-105,Win,-125,Loss,17NFL02
Tom Brady,Completions,NE,NO,Away,25.5,30,-125,Win,-105,Loss,17NFL02
Trevor Siemian,Completions,DEN,DAL,Home,21.5,22,-105,Win,-125,Loss,17NFL02
Tyrod Taylor,Completions,BUF,CAR,Away,17.5,17,-115,Loss,-115,Win,17NFL02
Aaron Rodgers,Completions,GB,SEA,Home,24.5,28,-115,Win,-115,Loss,17NFL01
Alex Smith,Completions,KC,NE,Away,21.5,28,-140,Win,110,Loss,17NFL01
Andy Dalton,Completions,CIN,BAL,Home,22.5,16,-115,Loss,-115,Win,17NFL01
Ben Roethlisberger,Completions,PIT,CLE,Away,23.5,24,-115,Win,-115,Loss,17NFL01
Blake Bortles,Completions,JAC,HOU,Away,20.5,11,-115,Loss,-115,Win,17NFL01
Brian Hoyer,Completions,SF,CAR,Home,20.5,24,-125,Win,-105,Loss,17NFL01
Cam Newton,Completions,CAR,SF,Away,19.5,14,-105,Loss,-125,Win,17NFL01
Carson Palmer,Completions,ARI,DET,Away,23.5,27,-115,Win,-115,Loss,17NFL01
Carson Wentz,Completions,PHI,WAS,Away,22.5,26,-125,Win,-105,Loss,17NFL01
Dak Prescott,Completions,DAL,NYG,Home,21.5,24,-115,Win,-115,Loss,17NFL01
Derek Carr,Completions,OAK,TEN,Away,23,22,-115,Loss,-115,Win,17NFL01
DeShone Kizer,Completions,CLE,PIT,Home,19.5,20,-115,Win,-115,Loss,17NFL01
Drew Brees,Completions,NO,MIN,Away,27,27,-115,Push,-115,Push,17NFL01
Eli Manning,Completions,NYG,DAL,Away,23.5,29,-115,Win,-115,Loss,17NFL01
Jared Goff,Completions,LAR,IND,Home,20.5,21,-115,Win,-115,Loss,17NFL01
Joe Flacco,Completions,BAL,CIN,Away,24.5,9,-115,Loss,-115,Win,17NFL01
Josh McCown,Completions,NYJ,BUF,Away,18.5,26,-115,Win,-115,Loss,17NFL01
Kirk Cousins,Completions,WAS,PHI,Home,23.5,23,-115,Loss,-115,Win,17NFL01
Marcus Mariota,Completions,TEN,OAK,Home,19.5,25,-125,Win,-105,Loss,17NFL01
Matt Ryan,Completions,ATL,CHI,Away,23.5,21,-115,Loss,-115,Win,17NFL01
Matthew Stafford,Completions,DET,ARI,Home,23.5,29,-105,Win,-125,Loss,17NFL01
Mike Glennon,Completions,CHI,ATL,Home,17.5,26,-115,Win,-115,Loss,17NFL01
Philip Rivers,Completions,LAC,DEN,Away,22.5,22,-125,Loss,-105,Win,17NFL01
Russell Wilson,Completions,SEA,GB,Away,22.5,14,-115,Loss,-115,Win,17NFL01
Sam Bradford,Completions,MIN,NO,Home,24.5,27,-115,Win,-115,Loss,17NFL01
Tom Brady,Completions,NE,KC,Home,24.5,16,-130,Loss,100,Win,17NFL01
Tom Savage,Completions,HOU,JAC,Home,19.5,7,-115,Loss,-115,Win,17NFL01
Trevor Siemian,Completions,DEN,LAC,Home,22,17,-105,Loss,-125,Win,17NFL01
Tyrod Taylor,Completions,BUF,NYJ,Home,17.5,16,-115,Loss,-115,Win,17NFL01